Torneio,Temporada,Equipe,Nome,Slug,Short Name,Gender,Sport,Category,Tournament,Manager,Venue,Foundation Date,ID,Country,Full Name,Team Colors
Brasileirão Série A,Brasileirão Série A 2023,Palmeiras,Palmeiras,palmeiras,Palmeiras,M,Football,Brazil,Brasileirão Série A,Abel Ferreira,Allianz Parque,1914-08-26 00:00:00,1963,Brazil,Palmeiras,#339966
Brasileirão Série A,Brasileirão Série A 2023,Botafogo,Botafogo,botafogo,Botafogo,M,Football,Brazil,Brasileirão Série B,Tiago Nunes,Estádio Nilton Santos,1894-07-01 00:00:00,1958,Brazil,Botafogo,#000000
Brasileirão Série A,Brasileirão Série A 2023,Flamengo,Flamengo,flamengo,Flamengo,M,Football,Brazil,Brasileirão Série A,Tite,Estádio do Maracanã,1895-11-15 00:00:00,5981,Brazil,Flamengo,#ff0000
Brasileirão Série A,Brasileirão Série A 2023,Grêmio,Grêmio,gremio,Grêmio,M,Football,Brazil,Brasileirão Série A,Renato Gaúcho,Arena do Grêmio,1903-09-15 00:00:00,5926,Brazil,Grêmio,#3399ff
Brasileirão Série A,Brasileirão Série A 2023,Red Bull Bragantino,Red Bull Bragantino,red-bull-bragantino,RB Bragantino,M,Football,Brazil,Brasileirão Série A,Pedro Caixinha,Estadio Nabi Abi Chedid,1928-01-08 00:00:00,1999,Brazil,Red Bull Bragantino,#363636
Brasileirão Série A,Brasileirão Série A 2023,Atlético Mineiro,Atlético Mineiro,atletico-mineiro,Atlético-MG,M,Football,Brazil,Brasileirão Série A,Luiz Felipe Scolari,Arena MRV,1908-03-25 00:00:00,1977,Brazil,Atlético Mineiro,#000000
Brasileirão Série A,Brasileirão Série A 2023,Fluminense,Fluminense,fluminense,Fluminense,M,Football,Brazil,Brasileirão Série A,Fernando Diniz,Estádio do Maracanã,1902-07-21 00:00:00,1961,Brazil,Fluminense,#660000
Brasileirão Série A,Brasileirão Série A 2023,Athletico,Athletico,athletico,Athletico,M,Football,Brazil,Brasileirão Série A,Wesley Carvalho,Ligga Arena,1924-03-26 00:00:00,1967,Brazil,Athletico,#000000
Brasileirão Série A,Brasileirão Série A 2023,Cuiabá,Cuiabá,cuiaba,Cuiabá,M,Football,Brazil,Brasileirão Série A,António Oliveira,Arena Pantanal,2021-03-16 00:00:00,49202,Brazil,Cuiabá,#ffffff
Brasileirão Série A,Brasileirão Série A 2023,São Paulo,São Paulo,sao-paulo,São Paulo,M,Football,Brazil,Brasileirão Série A,Dorival Júnior,Estádio Cicero Pompeu de Toledo,1935-12-16 00:00:00,1981,Brazil,São Paulo,#ffffff
Brasileirão Série A,Brasileirão Série A 2023,Fortaleza,Fortaleza,fortaleza,Fortaleza,M,Football,Brazil,Brasileirão Série A,Juan Pablo Vojvoda,Arena Castelão,1918-10-18 00:00:00,2020,Brazil,Fortaleza,#0000ff
Brasileirão Série A,Brasileirão Série A 2023,Corinthians,Corinthians,corinthians,Corinthians,M,Football,Brazil,Brasileirão Série A,Mano Menezes,Neo Química Arena,1910-09-01 00:00:00,1957,Brazil,Corinthians,#ffffff
Brasileirão Série A,Brasileirão Série A 2023,Internacional,Internacional,internacional,Internacional,M,Football,Brazil,Brasileirão Série A,Eduardo Coudet,Estadio Beira-Rio,1909-04-04 00:00:00,1966,Brazil,Internacional,#cc0000
Brasileirão Série A,Brasileirão Série A 2023,Vasco da Gama,Vasco da Gama,vasco-da-gama,Vasco,M,Football,Brazil,Brasileirão Série B,Ramón Díaz,Estádio São Januário,1898-08-21 00:00:00,1974,Brazil,Vasco da Gama,#ffffff
Brasileirão Série A,Brasileirão Série A 2023,Santos,Santos,santos,Santos,M,Football,Brazil,Brasileirão Série A,Marcelo Fernandes,Urbano Caldeira,1912-04-14 00:00:00,1968,Brazil,Santos,#ffffff
Brasileirão Série A,Brasileirão Série A 2023,Bahia,Bahia,bahia,Bahia,M,Football,Brazil,Brasileirão Série A,Rogério Ceni,Arena Fonte Nova,1931-01-01 00:00:00,1955,Brazil,Bahia,#ffffff
Brasileirão Série A,Brasileirão Série A 2023,Cruzeiro,Cruzeiro,cruzeiro,Cruzeiro,M,Football,Brazil,Brasileirão Série B,Paulo Autuori,Governador Magalhaes Pinto,1921-01-02 00:00:00,1954,Brazil,Cruzeiro,#0033cc
Brasileirão Série A,Brasileirão Série A 2023,Goiás,Goiás,goias,Goiás,M,Football,Brazil,Brasileirão Série B,Armando Evangelista,Estádio Hailé Pinheiro,1943-04-06 00:00:00,1960,Brazil,Goiás,#006633
Brasileirão Série A,Brasileirão Série A 2023,Coritiba,Coritiba,coritiba,Coritiba,M,Football,Brazil,Brasileirão Série B,Thiago Kosloski,Estádio Couto Pereira,1909-10-12 00:00:00,1982,Brazil,Coritiba,#ffffff
Brasileirão Série A,Brasileirão Série A 2023,América Mineiro,América Mineiro,america-mineiro,América-MG,M,Football,Brazil,Brasileirão Série A,Diogo Giacomini,Arena Independência,1912-04-30 00:00:00,1973,Brazil,América Mineiro,#056635
Brasileirão Série A,Brasileirão Série A 2022,Ceará,Ceará,ceara,Ceará,M,Football,Brazil,Brasileirão Série A,Guto Ferreira,Arena Castelão,1914-06-02 00:00:00,2001,Brazil,Ceará,#000000
Brasileirão Série A,Brasileirão Série A 2022,Atlético Goianiense,Atlético Goianiense,atletico-goianiense,Atlético-GO,M,Football,Brazil,Brasileirão Série A,Jair Ventura,Estadio Antonio Accioly,1937-04-02 00:00:00,7314,Brazil,Atlético Goianiense,#ff0000
Brasileirão Série A,Brasileirão Série A 2022,Avaí,Avaí,avai,Avaí,M,Football,Brazil,Brasileirão Série B,Eduardo Barroca,Estádio da Ressacada,1923-09-01 00:00:00,7315,Brazil,Avaí,#0066ff
Brasileirão Série A,Brasileirão Série A 2022,Juventude,Juventude,juventude,Juventude,M,Football,Brazil,Brasileirão Série A,Thiago Carpini,Estádio Alfredo Jaconi,1913-06-29 00:00:00,1980,Brazil,Juventude,#006600
Brasileirão Série A,Brasileirão Série A 2021,Sport Recife,Sport Recife,sport-recife,Sport,M,Football,Brazil,Brasileirão Série A,Enderson Moreira,Ilha do Retiro,1905-05-13 00:00:00,1959,Brazil,Sport Recife,#cc0000
Brasileirão Série A,Brasileirão Série A 2021,Chapecoense,Chapecoense,chapecoense,Chapecoense,M,Football,Brazil,Brasileirão Série A,Claudinei Oliveira,Arena Condá,1973-05-10 00:00:00,21845,Brazil,Chapecoense,#009966
Brasileirão Série A,Brasileirão Série A 2019,CSA,CSA,csa,CSA,M,Football,Brazil,Brasileirão Série B,Marcelo Cabo,Estádio Rei Pelé,1913-09-07 00:00:00,2010,Brazil,CSA,#043681
Brasileirão Série A,Brasileirão Série A 2018,Vitória,Vitória,vitoria,Vitória,M,Football,Brazil,Brasileirão Série B,Léo Condé,Estadio Manoel Barradas,1899-05-13 00:00:00,1962,Brazil,Vitória,#ff0000
Brasileirão Série A,Brasileirão Série A 2018,Paraná Clube,Paraná Clube,parana-clube,Paraná,M,Football,Brazil,Paranaense,,Estadio Durival de Britto e Silva,1989-12-19 00:00:00,1965,Brazil,Paraná Clube,#000099
Brasileirão Série A,Brasileirão Série A 2017,Ponte Preta,Ponte Preta,ponte-preta,Ponte Preta,M,Football,Brazil,Brasileirão Série B,Joao Brigatti,Moisés Lucarelli,1900-08-11 00:00:00,1969,Brazil,Ponte Preta,#ffffff
Brasileirão Série A,Brasileirão Série A 2016,Figueirense,Figueirense,figueirense,Figueirense,M,Football,Brazil,"Brasileirão Série C, Group B",Paulo Baier,Orlando Scarpelli,1921-06-12 00:00:00,1985,Brazil,Figueirense,#000000
Brasileirão Série A,Brasileirão Série A 2016,Santa Cruz,Santa Cruz,santa-cruz,Santa Cruz ,M,Football,Brazil,Brasileirão Série C,Evaristo Piza,Estádio do Arruda,1914-02-03 00:00:00,1976,Brazil,Santa Cruz,#ff0000
Brasileirão Série A,Brasileirão Série A 2015,Joinville,Joinville,joinville,Joinville,M,Football,Brazil,Catarinense,,Arena Joinville,1976-01-29 00:00:00,1987,Brazil,Joinville,#cc0000
Brasileirão Série A,Brasileirão Série A 2014,Criciúma,Criciúma,criciuma,Criciúma,M,Football,Brazil,"Brasileirão Série C, Group B",Cláudio Tencati,Estadio Heriberto Hülse,1947-05-13 00:00:00,1984,Brazil,Criciúma,#ffff00
Brasileirão Série A,Brasileirão Série A 2013,Portuguesa,Portuguesa,portuguesa,Portuguesa,M,Football,Brazil,"Paulista, Serie A2",Leandro Zago,Estádio Doutor Oswaldo Teixeira Duarte,1920-08-14 00:00:00,21896,Brazil,Portuguesa,#cc0000
Brasileirão Série A,Brasileirão Série A 2013,Náutico,Náutico,nautico,Náutico,M,Football,Brazil,Brasileirão Série B,,Aflitos,1901-04-07 00:00:00,2011,Brazil,Náutico,#ff3300
Brasileirão Série A,Brasileirão Série A 2010,Guarani,Guarani,guarani,Guarani,M,Football,Brazil,Brasileirão Série B,Umberto Louzer,Estádio Brinco de Ouro da Princesa,1911-04-02 00:00:00,1972,Brazil,Guarani,#006214
Brasileirão Série A,Brasileirão Série A 2010,Grêmio Barueri,Grêmio Barueri,gremio-barueri,Barueri,M,Football,Brazil,"Paulista, Série A3",,Estadio Paulo Constantino,1989-03-26 00:00:00,6956,Brazil,Grêmio Barueri,#ffffff
Brasileirão Série A,Brasileirão Série A 2009,Santo André,Santo André,santo-andre,Santo André,M,Football,Brazil,Paulista Série A1,,Estádio Bruno José Daniel,1967-09-18 00:00:00,6966,Brazil,Santo André,#ffffff
Brasileirão Série A,Brasileirão Série A 2008,Ipatinga,Ipatinga,ipatinga,Ipatinga,M,Football,Brazil,Brasileirão Série B,,Ipatingão,1998-05-21 00:00:00,7297,Brazil,Ipatinga,#52b030
UEFA Champions League,UEFA Champions League 23/24,FC Bayern München,FC Bayern München,fc-bayern-munchen,Bayern,M,Football,Germany,Bundesliga,Thomas Tuchel,Allianz Arena,1900-02-27 00:00:00,2672,Germany,FC Bayern München,#cf142f
UEFA Champions League,UEFA Champions League 23/24,FC København,FC København,fc-kobenhavn,København,M,Football,Denmark,Superliga,Jacob Neestrup,Parken,1992-07-01 00:00:00,1284,Denmark,FC København,#ffffff
UEFA Champions League,UEFA Champions League 23/24,Galatasaray,Galatasaray,galatasaray,Galatasaray,M,Football,Turkey,Trendyol Süper Lig,Okan Buruk,Rams Park Stadyumu,1905-10-01 00:00:00,3061,Turkey,Galatasaray,#ff9900
UEFA Champions League,UEFA Champions League 23/24,Manchester United,Manchester United,manchester-united,Man Utd,M,Football,England,Premier League,Erik ten Hag,Old Trafford,1878-03-05 00:00:00,35,England,Manchester United,#ff0000
UEFA Champions League,UEFA Champions League 22/23,Napoli,Napoli,napoli,Napoli,M,Football,Italy,Serie A,Walter Mazzarri,Stadio Diego Armando Maradona,1926-08-01 00:00:00,2714,Italy,Napoli,#008cea
UEFA Champions League,UEFA Champions League 22/23,Liverpool,Liverpool,liverpool,Liverpool,M,Football,England,Premier League,Jürgen Klopp,Anfield,1892-03-15 00:00:00,44,England,Liverpool,#cc0000
UEFA Champions League,UEFA Champions League 22/23,Ajax,Ajax,ajax,Ajax,M,Football,Netherlands,Eredivisie,John van't Schip,Johan Cruijff ArenA,1900-03-18 00:00:00,2953,Netherlands,Ajax,#bb002b
UEFA Champions League,UEFA Champions League 22/23,Rangers,Rangers,rangers,Rangers,M,Football,Scotland,Premiership,Philippe Clement,Ibrox,1872-03-01 00:00:00,2351,Scotland,Rangers,#0033a0
UEFA Champions League,UEFA Champions League 21/22,Manchester City,Manchester City,manchester-city,Man City,M,Football,England,Premier League,Pep Guardiola,Etihad Stadium,1880-11-23 00:00:00,17,England,Manchester City,#66ccff
UEFA Champions League,UEFA Champions League 21/22,Paris Saint-Germain,Paris Saint-Germain,paris-saint-germain,PSG,M,Football,France,Ligue 1,Luis Enrique,Parc des Princes,1970-08-12 00:00:00,1644,France,Paris Saint-Germain,#000066
UEFA Champions League,UEFA Champions League 21/22,RB Leipzig,RB Leipzig,rb-leipzig,Leipzig,M,Football,Germany,Bundesliga,Marco Rose,Red Bull Arena,2009-05-19 00:00:00,36360,Germany,RB Leipzig,#ffffff
UEFA Champions League,UEFA Champions League 21/22,Club Brugge,Club Brugge,club-brugge,Club Brugge,M,Football,Belgium,Pro League,Ronny Deila,Jan Breydel Stadium,1891-11-13 00:00:00,2888,Belgium,Club Brugge,#0080ff
UEFA Champions League,UEFA Champions League 20/21,Atlético Madrid,Atlético Madrid,atletico-madrid,Atl. Madrid,M,Football,Spain,LaLiga,Diego Simeone,Cívitas Metropolitano,1903-04-26 00:00:00,2836,Spain,Atlético Madrid,#ffffff
UEFA Champions League,UEFA Champions League 20/21,Red Bull Salzburg,Red Bull Salzburg,red-bull-salzburg,RB Salzburg,M,Football,Austria,Bundesliga,Gerhard Struber,Red Bull Arena,1933-09-13 00:00:00,2046,Austria,Red Bull Salzburg,#ffffff
UEFA Champions League,UEFA Champions League 20/21,Lokomotiv Moscow,Lokomotiv Moscow,lokomotiv-moscow,Lokomotiv,M,Football,Russia,Premier Liga,Mikhail Galaktionov,RZD Arena,1922-07-23 00:00:00,2320,Russia,Lokomotiv Moscow,#19683f
UEFA Champions League,UEFA Champions League 19/20,Real Madrid,Real Madrid,real-madrid,Real Madrid,M,Football,Spain,LaLiga,Carlo Ancelotti,Santiago Bernabéu,1902-03-06 00:00:00,2829,Spain,Real Madrid,#ffffff
UEFA Champions League,UEFA Champions League 18/19,Borussia Dortmund,Borussia Dortmund,borussia-dortmund,Dortmund,M,Football,Germany,Bundesliga,Edin Terzić,Signal Iduna Park,1909-12-19 00:00:00,2673,Germany,Borussia Dortmund,#ffe600
UEFA Champions League,UEFA Champions League 18/19,AS Monaco,AS Monaco,as-monaco,AS Monaco,M,Football,France,Ligue 1,Adolf Hütter,Stade Louis II,1924-08-23 00:00:00,1653,Monaco,AS Monaco,#ffffff
UEFA Champions League,UEFA Champions League 17/18,Basel,Basel,basel,Basel,M,Football,Switzerland,Super League,Fabio Celestini,St. Jakob-Park,1893-11-15 00:00:00,2501,Switzerland,Basel,#000099
UEFA Champions League,UEFA Champions League 17/18,CSKA Moscow,CSKA Moscow,cska-moscow,CSKA,M,Football,Russia,Premier Liga,Vladimir Fedotov,VEB Arena,1911-08-27 00:00:00,2325,Russia,CSKA Moscow,#cc0000
UEFA Champions League,UEFA Champions League 17/18,Benfica,Benfica,benfica,Benfica,M,Football,Portugal,Liga Portugal,Roger Schmidt,Estádio da Luz,1904-02-28 00:00:00,3006,Portugal,Benfica,#cc0000
UEFA Champions League,UEFA Champions League 16/17,Arsenal,Arsenal,arsenal,Arsenal,M,Football,England,Premier League,Mikel Arteta,Emirates Stadium,1886-10-01 00:00:00,42,England,Arsenal,#cc0000
UEFA Champions League,UEFA Champions League 16/17,Ludogorets,Ludogorets,ludogorets,Ludogorets,M,Football,Bulgaria,Bulgarian Cup,George Dermendzhiev,Huvepharma Arena,1945-01-01 00:00:00,43840,Bulgaria,Ludogorets,#006837
UEFA Champions League,UEFA Champions League 15/16,Shakhtar Donetsk,Shakhtar Donetsk,shakhtar-donetsk,Shakhtar,M,Football,Ukraine,Premier League,Marino Pušić,NSK Olimpiyskyi,1936-05-24 00:00:00,3313,Ukraine,Shakhtar Donetsk,#ff6600
UEFA Champions League,UEFA Champions League 15/16,Malmö FF,Malmö FF,malmo-ff,Malmö,M,Football,Sweden,Allsvenskan,Henrik Rydstrom,Stadion,1910-02-24 00:00:00,1892,Sweden,Malmö FF,#0099ff
UEFA Champions League,Champions League 14/15,Juventus,Juventus,juventus,Juventus,M,Football,Italy,Serie A,Massimiliano Allegri,Allianz Stadium,1897-11-01 00:00:00,2687,Italy,Juventus,#ffffff
UEFA Champions League,Champions League 14/15,Olympiacos,Olympiacos,olympiacos,Olympiacos,M,Football,Greece,Novibet Greek Cup,Diego Martinez,Georgios Karaiskakis,1925-03-10 00:00:00,3245,Greece,Olympiacos,#ff0000
UEFA Champions League,Champions League 13/14,Bayer 04 Leverkusen,Bayer 04 Leverkusen,bayer-04-leverkusen,Leverkusen,M,Football,Germany,Bundesliga,Xabi Alonso,BayArena,1904-07-01 00:00:00,2681,Germany,Bayer 04 Leverkusen,#000000
UEFA Champions League,Champions League 13/14,Real Sociedad,Real Sociedad,real-sociedad,Real Sociedad,M,Football,Spain,LaLiga,Imanol Alguacil Barrenetxea,Reale Arena,1908-11-30 00:00:00,2824,Spain,Real Sociedad,#ffffff
UEFA Champions League,UEFA Champions League 12/13,FC Porto,FC Porto,fc-porto,Porto,M,Football,Portugal,Liga Portugal,Sérgio Conceição,Estádio do Dragão,1893-09-28 00:00:00,3002,Portugal,FC Porto,#194f93
UEFA Champions League,UEFA Champions League 12/13,Dynamo Kyiv,Dynamo Kyiv,dynamo-kyiv,Dynamo Kyiv,M,Football,Ukraine,Premier League,Oleksandr Shovkovskyi,Olimpiysky National Sports Complex,1927-05-13 00:00:00,3305,Ukraine,Dynamo Kyiv,#ffffff
UEFA Champions League,UEFA Champions League 12/13,GNK Dinamo Zagreb,GNK Dinamo Zagreb,gnk-dinamo-zagreb,Dinamo,M,Football,Croatia,HNL,Sergej Jakirović,Maksimir,1911-04-26 00:00:00,2032,Croatia,GNK Dinamo Zagreb,#0b59a1
UEFA Champions League,Champions League 11/12,Villarreal,Villarreal,villarreal,Villarreal,M,Football,Spain,LaLiga,Marcelino,Estadio de la Ceramica,1923-03-10 00:00:00,2819,Spain,Villarreal,#ffff00
UEFA Champions League,Champions League 10/11,Tottenham Hotspur,Tottenham Hotspur,tottenham-hotspur,Tottenham ,M,Football,England,Premier League,Ange Postecoglou,Tottenham Hotspur Stadium,1882-09-05 00:00:00,33,England,Tottenham Hotspur,#ffffff
UEFA Champions League,Champions League 10/11,Inter,Inter,inter,Inter,M,Football,Italy,Serie A,Simone Inzaghi,San Siro/Giuseppe Meazza,1908-03-09 00:00:00,2697,Italy,Inter,#1a57cc
UEFA Champions League,Champions League 10/11,FC Twente,FC Twente,fc-twente,Twente,M,Football,Netherlands,Eredivisie,Joseph Oosting,De Grolsch Veste,1965-07-01 00:00:00,2955,Netherlands,FC Twente,#ff0000
UEFA Champions League,Champions League 10/11,SV Werder Bremen,SV Werder Bremen,sv-werder-bremen,Bremen,M,Football,Germany,2. Bundesliga,Ole Werner,Weserstadion,1899-02-04 00:00:00,2534,Germany,SV Werder Bremen,#009966
UEFA Champions League,Champions League 09/10,Bordeaux,Bordeaux,bordeaux,Bordeaux,M,Football,France,Ligue 1,Albert Riera,Matmut Atlantique,1881-10-01 00:00:00,1645,France,Bordeaux,#001244
UEFA Champions League,Champions League 09/10,Maccabi Haifa,Maccabi Haifa,maccabi-haifa,M. Haifa,M,Football,Israel,Premier League,Messay Dego,Sammy Ofer Stadium,1913-01-01 00:00:00,5197,Israel,Maccabi Haifa,#009900
UEFA Champions League,Champions League 08/09,Roma,Roma,roma,Roma,M,Football,Italy,Serie A,José Mourinho,Stadio Olimpico,1927-06-07 00:00:00,2702,Italy,Roma,#990000
UEFA Champions League,Champions League 08/09,Chelsea,Chelsea,chelsea,Chelsea,M,Football,England,Premier League,Mauricio Pochettino,Stamford Bridge,1905-03-10 00:00:00,38,England,Chelsea,#0310a7
UEFA Champions League,Champions League 08/09,CFR 1907 Cluj,CFR 1907 Cluj,cfr-1907-cluj,CFR Cluj,M,Football,Romania,Superliga,Andrea Mandorlini,Stadionul Dr. Constantin Rădulescu,1907-01-01 00:00:00,5287,Romania,CFR 1907 Cluj,#8d2642
UEFA Champions League,Champions League 07/08,Olympique de Marseille,Olympique de Marseille,olympique-de-marseille,Marseille,M,Football,France,Ligue 1,Gennaro Gattuso,Orange Velodrome,1899-08-31 00:00:00,1641,France,Olympique de Marseille,#ffffff
UEFA Champions League,Champions League 07/08,Beşiktaş,Beşiktaş,besiktas,Beşiktaş,M,Football,Turkey,Trendyol Süper Lig,Riza Calimbay,Tüpraş Stadyum ,1903-03-03 00:00:00,3050,Turkey,Beşiktaş,#ffffff
UEFA Champions League,Champions League 06/07,Barcelona,Barcelona,barcelona,Barcelona,M,Football,Spain,LaLiga,Xavi,Olímpic Lluís Companys,1899-11-29 00:00:00,2817,Spain,Barcelona,#154284
UEFA Champions League,Champions League 06/07,Levski Sofia,Levski Sofia,levski-sofia,Levski Sofia,M,Football,Bulgaria,Parva Liga,Nikolai Kostov,Vivacom Arena Georgi Asparuhov,1914-05-24 00:00:00,3273,Bulgaria,Levski Sofia,#0958b0
UEFA Champions League,Champions League 05/06,SK Rapid Wien,SK Rapid Wien,sk-rapid-wien,Rapid,M,Football,Austria,Bundesliga,Robert Klauss,Allianz Stadion,1899-01-08 00:00:00,2055,Austria,SK Rapid Wien,#00794b
UEFA Champions League,Champions League 04/05,Deportivo La Coruña,Deportivo La Coruña,deportivo-la-coruna,Deportivo,M,Football,Spain,"Primera Federación, Group 1",Imanol Idiakez,Riazor,1906-05-11 00:00:00,2832,Spain,Deportivo La Coruña,#003399
UEFA Champions League,Champions League 03/04,Olympique Lyonnais,Olympique Lyonnais,olympique-lyonnais,Lyon,M,Football,France,Ligue 1,Fabio Grosso,Groupama Stadium,1950-08-03 00:00:00,1649,France,Olympique Lyonnais,#ffffff
UEFA Champions League,Champions League 03/04,Celtic,Celtic,celtic,Celtic,M,Football,Scotland,Premiership,Brendan Rodgers,Celtic Park,1887-11-06 00:00:00,2352,Scotland,Celtic,#ffffff
UEFA Champions League,Champions League 03/04,Anderlecht,Anderlecht,anderlecht,Anderlecht,M,Football,Belgium,Pro League,Brian Riemer,Lotto Park,1908-05-27 00:00:00,2900,Belgium,Anderlecht,#330066
UEFA Europa League,UEFA Europa League 23/24,SC Freiburg,SC Freiburg,sc-freiburg,Freiburg,M,Football,Germany,Bundesliga,Christian Streich,Europa-Park-Stadion,1904-05-30 00:00:00,2538,Germany,SC Freiburg,#cc3333
UEFA Europa League,UEFA Europa League 23/24,West Ham United,West Ham United,west-ham-united,West Ham,M,Football,England,Premier League,David Moyes,London Stadium,1895-01-01 00:00:00,37,England,West Ham United,#66192c
UEFA Europa League,UEFA Europa League 23/24,FK TSC Bačka Topola,FK TSC Bačka Topola,fk-tsc-backa-topola,TSC,M,Football,Serbia,Mozzart Bet Superliga,Zarko Lazetic,TSC Arena,1913-07-01 00:00:00,263360,Serbia,FK TSC Bačka Topola,#191970
UEFA Europa League,UEFA Europa League 22/23,PSV Eindhoven,PSV Eindhoven,psv-eindhoven,PSV,M,Football,Netherlands,Eredivisie,Peter Bosz,Philips Stadion,1913-08-31 00:00:00,2952,Netherlands,PSV Eindhoven,#ff0000
UEFA Europa League,UEFA Europa League 22/23,Bodø/Glimt,Bodø/Glimt,bodoglimt,Bodø/Glimt,M,Football,Norway,Eliteserien,Kjetil Knutsen,Aspmyra Stadion,1916-09-19 00:00:00,656,Norway,Bodø/Glimt,#ffcc33
UEFA Europa League,UEFA Europa League 22/23,FC Zürich,FC Zürich,fc-zurich,Zürich,M,Football,Switzerland,Super League,Bo Henriksen,Letzigrund,1896-08-01 00:00:00,2450,Switzerland,FC Zürich,#ffffff
UEFA Europa League,UEFA Europa League 21/22,Sparta Praha,Sparta Praha,sparta-praha,Sparta Praha,M,Football,Czech Republic,1. Liga,Brian Priske,Generali Arena,1893-11-16 00:00:00,2218,Czech Republic,Sparta Praha,#942536
UEFA Europa League,UEFA Europa League 21/22,Brøndby IF,Brøndby IF,brondby-if,Brøndby,M,Football,Denmark,Superliga,Jesper Sorensen,Brøndby Stadium,1964-12-03 00:00:00,1281,Denmark,Brøndby IF,#ffff00
UEFA Europa League,UEFA Europa League 20/21,Young Boys,Young Boys,young-boys,Young Boys,M,Football,Switzerland,Super League,Raphael Wicky,Wankdorf Stadion,1898-03-14 00:00:00,2445,Switzerland,Young Boys,#ffcf00
UEFA Europa League,UEFA Europa League 20/21,CSKA Sofia,CSKA Sofia,cska-sofia,CSKA Sofia,M,Football,Bulgaria,Bulgarian Cup,Nestor El Maestro,Balgarska Armiya Stadium,1948-05-05 00:00:00,3275,Bulgaria,CSKA Sofia,#b40000
UEFA Europa League,UEFA Europa League 19/20,Sevilla,Sevilla,sevilla,Sevilla,M,Football,Spain,LaLiga,Diego Alonso,Ramón Sánchez Pizjuán,1890-01-25 00:00:00,2833,Spain,Sevilla,#ffffff
UEFA Europa League,UEFA Europa League 19/20,APOEL Nicosia,APOEL Nicosia,apoel-nicosia,APOEL,M,Football,Cyprus,1. Division,Ricardo Sá Pinto,GSP Stadium,1926-11-08 00:00:00,3398,Cyprus,APOEL Nicosia,#f5c00a
UEFA Europa League,UEFA Europa League 19/20,Qarabağ,Qarabağ,qarabag,Qarabağ,M,Football,Azerbaijan,Premier League,Gurban Gurbanov,Azərsun Arena,1951-06-01 00:00:00,5962,Azerbaijan,Qarabağ,#000000
UEFA Europa League,UEFA Europa League 19/20,F91 Dudelange,F91 Dudelange,f91-dudelange,Dudelange,M,Football,Luxembourg,Division Nationale,Jamath Shoffner,Stade Jos Nosbaum,1991-04-26 00:00:00,5207,Luxembourg,F91 Dudelange,#ffff00
UEFA Europa League,UEFA Europa League 18/19,AEK Larnaca,AEK Larnaca,aek-larnaca,AEK,M,Football,Cyprus,1. Division,,AEK Arena,1994-07-18 00:00:00,3404,Cyprus,AEK Larnaca,#006600
UEFA Europa League,UEFA Europa League 17/18,Astana,Astana,astana,Astana,M,Football,Kazakhstan,Premier League,Grigoriy Babayan,Astana Arena,2009-01-01 00:00:00,36155,Kazakhstan,Astana,#fff200
UEFA Europa League,UEFA Europa League 17/18,Slavia Praha,Slavia Praha,slavia-praha,Slavia Praha,M,Football,Czech Republic,1. Liga,Jindřich Trpišovský,Fortuna Arena,1892-11-02 00:00:00,2216,Czech Republic,Slavia Praha,#ffffff
UEFA Europa League,UEFA Europa League 17/18,Maccabi Tel Aviv,Maccabi Tel Aviv,maccabi-tel-aviv,M. Tel-Aviv,M,Football,Israel,Premier League,Robbie Keane,Bloomfield,1906-01-01 00:00:00,5198,Israel,Maccabi Tel Aviv,#ffff00
UEFA Europa League,UEFA Europa League 16/17,Fenerbahçe,Fenerbahçe,fenerbahce,Fenerbahçe,M,Football,Turkey,Trendyol Süper Lig,Ismail Kartal,Şükrü Saracoğlu Stadium,1907-05-03 00:00:00,3052,Turkey,Fenerbahçe,#000066
UEFA Europa League,UEFA Europa League 16/17,Feyenoord,Feyenoord,feyenoord,Feyenoord,M,Football,Netherlands,Eredivisie,Arne Slot,De Kuip,1908-07-19 00:00:00,2959,Netherlands,Feyenoord,#ff0000
UEFA Europa League,UEFA Europa League 16/17,Zorya Luhansk,Zorya Luhansk,zorya-luhansk,Zorya Luhansk,M,Football,Ukraine,Premier League,Yurii Koval,Slavutych-Arena,1922-11-30 00:00:00,5987,Ukraine,Zorya Luhansk,#000000
UEFA Europa League,UEFA Europa League 15/16,Molde FK,Molde FK,molde-fk,Molde,M,Football,Norway,Eliteserien,Erling Moe,Aker Stadion,1911-06-19 00:00:00,661,Norway,Molde FK,#2173b9
UEFA Europa League,UEFA Europa League 14/15,Borussia M'gladbach,Borussia M'gladbach,borussia-mgladbach,M'gladbach,M,Football,Germany,Bundesliga,Gerardo Seoane,Borussia-Park,1900-08-01 00:00:00,2527,Germany,Borussia M'gladbach,#ffffff
UEFA Europa League,UEFA Europa League 14/15,Apollon Limassol,Apollon Limassol,apollon-limassol,Apollon,M,Football,Cyprus,1. Division,Vladan Milojević,Alphamega Stadium,1954-04-14 00:00:00,3402,Cyprus,Apollon Limassol,#2424ff
UEFA Europa League,UEFA Europa League 13/14,Valencia,Valencia,valencia,Valencia,M,Football,Spain,LaLiga,Ruben Baraja,Mestalla,1919-03-18 00:00:00,2828,Spain,Valencia,#ffffff
UEFA Europa League,UEFA Europa League 13/14,Swansea City,Swansea City,swansea-city,Swansea,M,Football,England,Championship,Michael Duff,Swansea.com Stadium,1912-09-07 00:00:00,74,Wales,Swansea City,#ffffff
UEFA Europa League,UEFA Europa League 13/14,Kuban Krasnodar,Kuban Krasnodar,kuban-krasnodar,Kuban,M,Football,Russia,Club Friendly Games,,Kuban Stadium,1927-11-30 00:00:00,2343,Russia,Kuban Krasnodar,#ffff33
UEFA Europa League,UEFA Europa League 13/14,FC St. Gallen 1879,FC St. Gallen 1879,fc-st-gallen-1879,St. Gallen,M,Football,Switzerland,Super League,Peter Zeidler,kybunpark,1879-04-19 00:00:00,2442,Switzerland,FC St. Gallen 1879,#ffffff
UEFA Europa League,UEFA Europa League 12/13,Anzhi Makhachkala,Anzhi Makhachkala,anzhi-makhachkala,Anzhi,M,Football,Russia,"PFL, South",,Anzhi-Arena,1990-11-30 00:00:00,2327,Russia,Anzhi Makhachkala,#ffff00
UEFA Europa League,UEFA Europa League 12/13,Udinese,Udinese,udinese,Udinese,M,Football,Italy,Serie A,Gabriele Cioffi,Dacia Arena,1896-07-05 00:00:00,2695,Italy,Udinese,#ffffff
UEFA Europa League,Europa League 11/12,PAOK,PAOK,paok,PAOK,M,Football,Greece,Novibet Greek Cup,Razvan Lucescu,Toumba Stadium,1926-04-20 00:00:00,3251,Greece,PAOK,#000000
UEFA Europa League,Europa League 11/12,Rubin Kazan,Rubin Kazan,rubin-kazan,Rubin Kazan,M,Football,Russia,Premier Liga,Rashid Rahimov,Ak Bars Arena,1958-04-20 00:00:00,2333,Russia,Rubin Kazan,#b70000
UEFA Europa League,Europa League 11/12,Shamrock Rovers,Shamrock Rovers,shamrock-rovers,Shamrock Rovers,M,Football,Ireland,Premier Division,Stephen Bradley,Tallaght Stadium,1899-05-17 00:00:00,3177,Ireland,Shamrock Rovers,#008100
UEFA Europa League,Europa League 10/11,Lech Poznań,Lech Poznań,lech-poznan,Lech,M,Football,Poland,Ekstraklasa,John van den Brom,Enea Poznań ,1922-03-19 00:00:00,3121,Poland,Lech Poznań,#004b93
UEFA Europa League,Europa League 09/10,FC Timisoara,FC Timisoara,fc-timisoara,Timisoara,M,Football,Romania,Cupa României Betano,,,,5286,Romania,FC Timisoara,#52b030
Premier League,Premier League 23/24,Aston Villa,Aston Villa,aston-villa,Aston Villa,M,Football,England,Premier League,Unai Emery,Villa Park,1874-03-01 00:00:00,40,England,Aston Villa,#670e36
Premier League,Premier League 23/24,Newcastle United,Newcastle United,newcastle-united,Newcastle,M,Football,England,Premier League,Eddie Howe,St James' Park,1892-12-09 00:00:00,39,England,Newcastle United,#000000
Premier League,Premier League 23/24,Brighton & Hove Albion,Brighton & Hove Albion,brighton-and-hove-albion,Brighton,M,Football,England,Premier League,Roberto De Zerbi,American Express Community's Stadium,1901-07-24 00:00:00,30,England,Brighton & Hove Albion,#0054a6
Premier League,Premier League 23/24,Brentford,Brentford,brentford,Brentford,M,Football,England,Premier League,Thomas Frank,Brentford Community Stadium,1889-10-09 00:00:00,50,England,Brentford,#ffffff
Premier League,Premier League 23/24,Wolverhampton,Wolverhampton,wolverhampton,Wolves,M,Football,England,Premier League,Gary O'Neil,Molineux Stadium,1877-01-13 00:00:00,3,England,Wolverhampton,#ff9900
Premier League,Premier League 23/24,Crystal Palace,Crystal Palace,crystal-palace,Crystal Palace,M,Football,England,Premier League,Roy Hodgson,Selhurst Park,1905-01-01 00:00:00,7,England,Crystal Palace,#0033ff
Premier League,Premier League 23/24,Nottingham Forest,Nottingham Forest,nottingham-forest,Forest,M,Football,England,Championship,Steve Cooper,City Ground,1865-01-01 00:00:00,14,England,Nottingham Forest,#cc0000
Premier League,Premier League 23/24,Fulham,Fulham,fulham,Fulham,M,Football,England,Championship,Marco Silva,Craven Cottage,1879-12-21 00:00:00,43,England,Fulham,#ffffff
Premier League,Premier League 23/24,Bournemouth,Bournemouth,bournemouth,Bournemouth,M,Football,England,Championship,Andoni Iraola,Vitality Stadium,1899-01-01 00:00:00,60,England,Bournemouth,#000000
Premier League,Premier League 23/24,Luton Town,Luton Town,luton-town,Luton,M,Football,England,Championship,Rob Edwards,Kenilworth Road,1885-04-11 00:00:00,72,England,Luton Town,#ff3300
Premier League,Premier League 23/24,Sheffield United,Sheffield United,sheffield-united,Sheffield Utd,M,Football,England,Championship,Paul Heckingbottom,Bramall Lane,1889-03-22 00:00:00,15,England,Sheffield United,#ffffff
Premier League,Premier League 23/24,Everton,Everton,everton,Everton,M,Football,England,Premier League,Sean Dyche,Goodison Park,1878-06-01 00:00:00,48,England,Everton,#274488
Premier League,Premier League 23/24,Burnley,Burnley,burnley,Burnley,M,Football,England,Premier League,Vincent Kompany,Turf Moor,1882-01-01 00:00:00,6,England,Burnley,#81204c
Premier League,Premier League 22/23,Leicester City,Leicester City,leicester-city,Leicester,M,Football,England,Premier League,Enzo Maresca,King Power Stadium,1884-01-01 00:00:00,31,England,Leicester City,#003090
Premier League,Premier League 22/23,Leeds United,Leeds United,leeds-united,Leeds,M,Football,England,Premier League,Daniel Farke,Elland Road,1919-10-17 00:00:00,34,England,Leeds United,#ffffff
Premier League,Premier League 22/23,Southampton,Southampton,southampton,Southampton,M,Football,England,Premier League,Russell Martin,St. Mary's Stadium,1885-11-21 00:00:00,45,England,Southampton,#ff0000
Premier League,Premier League 21/22,Watford,Watford,watford,Watford,M,Football,England,Premier League,Valérien Ismaël,Vicarage Road,1881-01-01 00:00:00,24,England,Watford,#fbd142
Premier League,Premier League 21/22,Norwich City,Norwich City,norwich-city,Norwich,M,Football,England,Premier League,David Wagner,Carrow Road,1902-06-17 00:00:00,263,England,Norwich City,#ffcc33
Premier League,Premier League 20/21,West Bromwich Albion,West Bromwich Albion,west-bromwich-albion,West Brom,M,Football,England,Championship,Carlos Corberan,The Hawthorns,1878-11-01 00:00:00,8,England,West Bromwich Albion,#ffffff
Premier League,Premier League 18/19,Cardiff City,Cardiff City,cardiff-city,Cardiff,M,Football,England,Championship,Erol Bulut,Cardiff City Stadium,1899-01-01 00:00:00,61,England,Cardiff City,#0000eb
Premier League,Premier League 18/19,Huddersfield Town,Huddersfield Town,huddersfield-town,Huddersfield,M,Football,England,Championship,Darren Moore,John Smith's Stadium,1908-01-01 00:00:00,59,England,Huddersfield Town,#ffffff
Premier League,Premier League 17/18,Stoke City,Stoke City,stoke-city,Stoke,M,Football,England,Championship,Alex Neil,bet365 Stadium,1863-01-01 00:00:00,29,England,Stoke City,#ffffff
Premier League,Premier League 16/17,Hull City,Hull City,hull-city,Hull,M,Football,England,Championship,Liam Rosenior,MKM Stadium,1904-06-28 00:00:00,96,England,Hull City,#de8f38
Premier League,Premier League 16/17,Middlesbrough,Middlesbrough,middlesbrough,Middlesbrough,M,Football,England,Championship,Michael Carrick,Riverside,1876-01-01 00:00:00,36,England,Middlesbrough,#d90000
Premier League,Premier League 16/17,Sunderland,Sunderland,sunderland,Sunderland,M,Football,England,League One,Tony Mowbray,Stadium of Light,1879-10-17 00:00:00,41,England,Sunderland,#ffffff
Premier League,Premier League 14/15,Queens Park Rangers,Queens Park Rangers,queens-park-rangers,QPR,M,Football,England,Championship,Marti Cifuentes,Loftus Road Stadium,1882-01-01 00:00:00,1,England,Queens Park Rangers,#ffffff
Premier League,Premier League 12/13,Wigan Athletic,Wigan Athletic,wigan-athletic,Wigan,M,Football,England,League One,Shaun Maloney,DW Stadium,1932-01-01 00:00:00,49,England,Wigan Athletic,#0000ff
Premier League,Premier League 12/13,Reading,Reading,reading,Reading,M,Football,England,Championship,Rubén Sellés,Select Car Leasing Stadium,1871-12-25 00:00:00,28,England,Reading,#ffffff
Premier League,Premier League 11/12,Bolton Wanderers,Bolton Wanderers,bolton-wanderers,Bolton,M,Football,England,League One,Ian Evatt,Toughsheet Community Stadium ,1874-01-01 00:00:00,5,England,Bolton Wanderers,#ffffff
Premier League,Premier League 11/12,Blackburn Rovers,Blackburn Rovers,blackburn-rovers,Blackburn,M,Football,England,Championship,Jon Dahl Tomasson,Ewood Park,1875-11-05 00:00:00,46,England,Blackburn Rovers,#ffffff
Premier League,Premier League 10/11,Birmingham City,Birmingham City,birmingham-city,Birmingham,M,Football,England,Championship,Wayne Rooney,St Andrew's Trillion Trophy Stadium,1875-01-01 00:00:00,9,England,Birmingham City,#000099
Premier League,Premier League 10/11,Blackpool,Blackpool,blackpool,Blackpool,M,Football,England,Championship,Neil Critchley,Bloomfield Road,1887-07-26 00:00:00,67,England,Blackpool,#ff6600
Premier League,Premier League 09/10,Portsmouth,Portsmouth,portsmouth,Portsmouth,M,Football,England,League One,John Mousinho,Fratton Park,1898-04-05 00:00:00,2,England,Portsmouth,#3165ae
Premier League,Premier League 07/08,Derby County,Derby County,derby-county,Derby,M,Football,England,Championship,Paul Warne,Pride Park Stadium,1884-02-05 00:00:00,27,England,Derby County,#ffffff
Premier League,Premier League 06/07,Charlton Athletic,Charlton Athletic,charlton-athletic,Charlton,M,Football,England,League One,Michael Appleton,The Valley,1905-01-01 00:00:00,47,England,Charlton Athletic,#ff0000
Premier League,Premier League 01/02,Ipswich Town,Ipswich Town,ipswich-town,Ipswich,M,Football,England,League One,Kieran McKenna,Portman Road Stadium,1878-01-01 00:00:00,32,England,Ipswich Town,#0000ff
Premier League,Premier League 00/01,Coventry City,Coventry City,coventry-city,Coventry,M,Football,England,Championship,Mark Robins,Coventry Building Society Arena,1883-01-01 00:00:00,11,England,Coventry City,#0099cc
Premier League,Premier League 00/01,Bradford City,Bradford City,bradford-city,Bradford,M,Football,England,League Two,Graham Alexander,Valley Parade,1903-05-25 00:00:00,22,England,Bradford City,#660033
Premier League,Premier League 99/00,Milton Keynes Dons,Milton Keynes Dons,milton-keynes-dons,MK Dons,M,Football,England,League One,Mike Williamson,Stadium MK,2004-06-21 00:00:00,4,England,Milton Keynes Dons,#ffffff
Premier League,Premier League 99/00,Sheffield Wednesday,Sheffield Wednesday,sheffield-wednesday,Sheffield Wed,M,Football,England,League One,Danny Rohl,Hillsborough Stadium,1867-09-04 00:00:00,12,England,Sheffield Wednesday,#0066cc
Premier League,Premier League 97/98,Barnsley,Barnsley,barnsley,Barnsley,M,Football,England,Championship,Neill Collins,Oakwell Ground,1887-01-01 00:00:00,23,England,Barnsley,#ff3333
Premier League,Premier League 93/94,Oldham Athletic,Oldham Athletic,oldham-athletic,Oldham,M,Football,England,League Two,Micky Mellon,Boundary Park,1899-07-04 00:00:00,65,England,Oldham Athletic,#2869b2
Premier League,Premier League 93/94,Swindon Town,Swindon Town,swindon-town,Swindon,M,Football,England,League Two,Michael Flynn,County Ground,1881-01-01 00:00:00,53,England,Swindon Town,#cc0000
LaLiga,LaLiga 23/24,Girona,Girona,girona,Girona,M,Football,Spain,LaLiga 2,Michel,Estadi Montilivi,1930-07-25 00:00:00,24264,Spain,Girona,#ffffff
LaLiga,LaLiga 23/24,Athletic Club,Athletic Club,athletic-club,Athletic Club,M,Football,Spain,LaLiga,Ernesto Valverde,San Mamés,1897-11-30 00:00:00,2825,Spain,Athletic Club,#aa0000
LaLiga,LaLiga 23/24,Real Betis,Real Betis,real-betis,Betis,M,Football,Spain,LaLiga,Manuel Pellegrini,Benito Villamarin,1907-09-12 00:00:00,2816,Spain,Real Betis,#ffffff
LaLiga,LaLiga 23/24,Getafe,Getafe,getafe,Getafe,M,Football,Spain,LaLiga,José Bordalás,Coliseum Alfonso Pérez,1983-07-08 00:00:00,2859,Spain,Getafe,#00369e
LaLiga,LaLiga 23/24,Rayo Vallecano,Rayo Vallecano,rayo-vallecano,Rayo Vallecano,M,Football,Spain,LaLiga,Francisco Rodriguez,Estadio de Vallecas,1924-05-29 00:00:00,2818,Spain,Rayo Vallecano,#ffffff
LaLiga,LaLiga 23/24,Las Palmas,Las Palmas,las-palmas,Las Palmas,M,Football,Spain,LaLiga 2,Garcia Pimienta,Gran Canaria,1949-08-22 00:00:00,6577,Spain,Las Palmas,#e8f541
LaLiga,LaLiga 23/24,Deportivo Alavés,Deportivo Alavés,deportivo-alaves,Alavés,M,Football,Spain,LaLiga,Luis Garcia,Estadio de Mendizorroza,1921-01-23 00:00:00,2885,Spain,Deportivo Alavés,#0232a0
LaLiga,LaLiga 23/24,Osasuna,Osasuna,osasuna,Osasuna,M,Football,Spain,LaLiga,Jagoba Arrasate,Estadio El Sadar,1920-11-17 00:00:00,2820,Spain,Osasuna,#cc0000
LaLiga,LaLiga 23/24,Cádiz,Cádiz,cadiz,Cádiz,M,Football,Spain,LaLiga,Sergio,Nuevo Mirandilla,1909-11-30 00:00:00,4488,Spain,Cádiz,#ffff00
LaLiga,LaLiga 23/24,Mallorca,Mallorca,mallorca,Mallorca,M,Football,Spain,LaLiga,Javier Aguirre,Estadi de Son Moix,1916-03-05 00:00:00,2826,Spain,Mallorca,#cc0000
LaLiga,LaLiga 23/24,Celta Vigo,Celta Vigo,celta-vigo,Celta,M,Football,Spain,LaLiga,Rafael Benítez,Municipal de Balaidos,1923-08-23 00:00:00,2821,Spain,Celta Vigo,#6cace4
LaLiga,LaLiga 23/24,Granada,Granada,granada,Granada,M,Football,Spain,LaLiga,Paco Lopez,Estadio Nuevo Los Carmenes,1931-04-14 00:00:00,33779,Spain,Granada,#cc0000
LaLiga,LaLiga 23/24,Almería,Almería,almeria,Almería,M,Football,Spain,LaLiga 2,Gaizka Garitano,Estadio del Mediterráneo,1989-07-26 00:00:00,2858,Spain,Almería,#ff0000
LaLiga,LaLiga 22/23,Real Valladolid,Real Valladolid,real-valladolid,Real Valladolid,M,Football,Spain,LaLiga 2,Paulo Pezzolano,José Zorrilla,1928-06-20 00:00:00,2831,Spain,Real Valladolid,#ffffff
LaLiga,LaLiga 22/23,Espanyol,Espanyol,espanyol,Espanyol,M,Football,Spain,LaLiga,Luis Miguel Ramis,RCDE Stadium,1900-10-20 00:00:00,2814,Spain,Espanyol,#ffffff
LaLiga,LaLiga 22/23,Elche,Elche,elche,Elche,M,Football,Spain,LaLiga,Sebastian Beccacece,Estadio Martínez Valero,1922-08-28 00:00:00,2846,Spain,Elche,#ffffff
LaLiga,LaLiga 21/22,Levante UD,Levante UD,levante-ud,Levante,M,Football,Spain,LaLiga,Javier Calleja,Ciudad de Valencia,1908-11-30 00:00:00,2849,Spain,Levante UD,#0e3b68
LaLiga,LaLiga 20/21,Huesca,Huesca,huesca,Huesca,M,Football,Spain,LaLiga 2,Antonio Hidalgo,El Alcoraz,1960-03-29 00:00:00,24265,Spain,Huesca,#13324f
LaLiga,LaLiga 20/21,Eibar,Eibar,eibar,Eibar,M,Football,Spain,LaLiga 2,Joseba Etxeberria,Ipurua Municipal Stadium,1940-11-30 00:00:00,2839,Spain,Eibar,#003e85
LaLiga,LaLiga 19/20,Leganés,Leganés,leganes,Leganés,M,Football,Spain,LaLiga 2,Borja Jiménez,Estadio Municipal de Butarque,1928-06-23 00:00:00,2845,Spain,Leganés,#ffffff
LaLiga,LaLiga 17/18,Málaga,Málaga,malaga,Málaga,M,Football,Spain,LaLiga 2,Sergio Pellicer,La Rosaleda,1947-11-30 00:00:00,2830,Spain,Málaga,#ffffff
LaLiga,LaLiga 16/17,Sporting Gijón,Sporting Gijón,sporting-gijon,Sporting,M,Football,Spain,LaLiga 2,Miguel Angel Ramirez,El Molinón,1905-06-01 00:00:00,2852,Spain,Sporting Gijón,#ffffff
LaLiga,Primera Division 14/15,Córdoba,Córdoba,cordoba,Córdoba,M,Football,Spain,"Segunda Federación, Group IV B",Iván Ania,Estadio Nuevo Arcángel,1953-11-30 00:00:00,2850,Spain,Córdoba,#339900
LaLiga,Primera Division 12/13,Real Zaragoza,Real Zaragoza,real-zaragoza,Real Zaragoza,M,Football,Spain,LaLiga 2,Julio Velazquez,La Romareda,1932-03-18 00:00:00,2815,Spain,Real Zaragoza,#ffffff
LaLiga,Primera Division 11/12,Racing de Santander,Racing de Santander,racing-de-santander,Racing de Santander,M,Football,Spain,"Primera Federación, Group 1",José Alberto López,El Sardinero,1913-06-14 00:00:00,2835,Spain,Racing de Santander,#ffffff
LaLiga,Liga BBVA 10/11,Hércules CF,Hércules CF,hercules-cf,Hércules,M,Football,Spain,"Segunda Federación, Group III B",Ruben Torrecilla,Estadio Jose Rico Perez,1922-10-20 00:00:00,2877,Spain,Hércules CF,#ffffff
LaLiga,Liga BBVA 09/10,Tenerife,Tenerife,tenerife,CD Tenerife,M,Football,Spain,LaLiga 2,Asier Garitano,Heliodoro Rodríguez López,1922-08-08 00:00:00,2822,Spain,Tenerife,#ffffff
LaLiga,Liga BBVA 09/10,Xerez CD,Xerez CD,xerez-cd,Xerez CD,M,Football,Spain Amateur,"Tercera Federación, Group 10 A",Juan Carlos Gomez,Estadio Municipal de Chapín,1947-09-24 00:00:00,2838,Spain,Xerez CD,#0000ff
LaLiga,Liga BBVA 08/09,Numancia,Numancia,numancia,Numancia,M,Football,Spain,"Segunda Federación, Group I B",Javier Moreno Valera,Nuevo Estadio Los Pajaritos,1945-04-09 00:00:00,2855,Spain,Numancia,#ff0000
LaLiga,Liga BBVA 08/09,Recreativo de Huelva,Recreativo de Huelva,recreativo-de-huelva,Recreativo de Huelva,M,Football,Spain,"Segunda Federación, Group IV A",Abel Gómez Moreno,Nuevo Colombino,1889-12-23 00:00:00,202076,Spain,Recreativo de Huelva,#0033ff
LaLiga,Primera Division 07/08,Real Murcia,Real Murcia,real-murcia,Real Murcia,M,Football,Spain,"Segunda Federación, Group IV B",Gustavo Munua,Enrique Roca,1908-02-20 00:00:00,4487,Spain,Real Murcia,#ff0000
LaLiga,Primera Division 06/07,Gimnàstic de Tarragona,Gimnàstic de Tarragona,gimnastic-de-tarragona,Gimnàstic,M,Football,Spain,"Primera Federación, Group 2",Daniel Vídal González,Nou Estadi Municipal,1913-11-30 00:00:00,2840,Spain,Gimnàstic de Tarragona,#ff0000
LaLiga,Primera Division 04/05,Albacete Balompié,Albacete Balompié,albacete-balompie,Albacete,M,Football,Spain,"Primera Federación, Group 2",Ruben Albes,Carlos Belmonte,1940-08-01 00:00:00,2848,Spain,Albacete Balompié,#ffffff
LaLiga,Primera Division 00/01,Real Oviedo,Real Oviedo,real-oviedo,Real Oviedo,M,Football,Spain,LaLiga 2,Luis Miguel Carrion,Carlos Tartiere,1926-03-26 00:00:00,2851,Spain,Real Oviedo,#3300ff
LaLiga,Primera Division 98/99,Extremadura,Extremadura,extremadura,Extremadura,M,Football,Spain,LaLiga 2,,,,2837,Spain,Extremadura,#52b030
LaLiga,Primera Division 98/99,Unión Deportiva Salamanca,Unión Deportiva Salamanca,union-deportiva-salamanca,UD Salamanca,M,Football,Spain,"Segunda Federación, Group I",,Estadio Helmántico,1923-02-09 00:00:00,2847,Spain,Unión Deportiva Salamanca,#52b030
LaLiga,Primera Division 97/98,SD Compostela,SD Compostela,sd-compostela,SD Compostela,M,Football,Spain,"Segunda Federación, Group I A",Miguel Angel Alonso Naya,Estadio Vero Boquete de San Lazaro,1962-06-29 00:00:00,2856,Spain,SD Compostela,#00ade7
LaLiga,Primera Division 97/98,Mérida AD,Mérida AD,merida-ad,Mérida,M,Football,Spain,"Segunda Federación, Group V B",Manel Ruano,Estadio Romano,2013-02-19 00:00:00,24351,Spain,Mérida AD,#ffffff
LaLiga,Primera Division 96/97,CD Logroñés,CD Logroñés,cd-logrones,Logroñés,M,Football,Spain,LaLiga,,Estadio Las Gaunas,1940-05-30 00:00:00,250782,Spain,CD Logroñés,#52b030
LaLiga,Primera Division 93/94,Lerida,Lerida,lerida,Lerida,M,Football,Spain,LaLiga,,,,331732,Spain,Lerida,#52b030
Bundesliga,Bundesliga 23/24,VfB Stuttgart,VfB Stuttgart,vfb-stuttgart,Stuttgart,M,Football,Germany,Bundesliga,Sebastian Hoeneß,MHP Arena,1893-09-09 00:00:00,2677,Germany,VfB Stuttgart,#ffffff
Bundesliga,Bundesliga 23/24,TSG Hoffenheim,TSG Hoffenheim,tsg-hoffenheim,Hoffenheim,M,Football,Germany,Bundesliga,Pellegrino Matarazzo,PreZero Arena,1899-07-01 00:00:00,2569,Germany,TSG Hoffenheim,#1f5da6
Bundesliga,Bundesliga 23/24,Eintracht Frankfurt,Eintracht Frankfurt,eintracht-frankfurt,Frankfurt,M,Football,Germany,Bundesliga,Dino Toppmoller,Deutsche Bank Park,1899-03-08 00:00:00,2674,Germany,Eintracht Frankfurt,#000000
Bundesliga,Bundesliga 23/24,VfL Wolfsburg,VfL Wolfsburg,vfl-wolfsburg,Wolfsburg,M,Football,Germany,Bundesliga,Niko Kovač,Volkswagen Arena,1945-09-12 00:00:00,2524,Germany,VfL Wolfsburg,#64b42d
Bundesliga,Bundesliga 23/24,FC Augsburg,FC Augsburg,fc-augsburg,Augsburg,M,Football,Germany,Bundesliga,Jess Thorup,WWK ARENA,1907-08-08 00:00:00,2600,Germany,FC Augsburg,#ffffff
Bundesliga,Bundesliga 23/24,1. FC Heidenheim,1. FC Heidenheim,1-fc-heidenheim,Heidenheim,M,Football,Germany,2. Bundesliga,Frank Schmidt,Voith-Arena,1972-05-27 00:00:00,5885,Germany,1. FC Heidenheim,#243475
Bundesliga,Bundesliga 23/24,VfL Bochum 1848,VfL Bochum 1848,vfl-bochum-1848,Bochum,M,Football,Germany,Bundesliga,Thomas Letsch,Vonovia Ruhrstadion,1848-07-26 00:00:00,2542,Germany,VfL Bochum 1848,#6666ff
Bundesliga,Bundesliga 23/24,Darmstadt 98,Darmstadt 98,darmstadt-98,Darmstadt,M,Football,Germany,2. Bundesliga,Torsten Lieberknecht,Merck-Stadion am Böllenfalltor,1898-05-22 00:00:00,2576,Germany,Darmstadt 98,#4577fc
Bundesliga,Bundesliga 23/24,1. FSV Mainz 05,1. FSV Mainz 05,1-fsv-mainz-05,Mainz 05,M,Football,Germany,Bundesliga,Jan Siewert,MEWA Arena,1905-03-16 00:00:00,2556,Germany,1. FSV Mainz 05,#ff0000
Bundesliga,Bundesliga 23/24,1. FC Union Berlin,1. FC Union Berlin,1-fc-union-berlin,Union Berlin,M,Football,Germany,Bundesliga,Marco Grote,An der alten Försterei,1966-01-20 00:00:00,2547,Germany,1. FC Union Berlin,#ff0000
Bundesliga,Bundesliga 23/24,1. FC Köln,1. FC Köln,1-fc-koln,Köln,M,Football,Germany,Bundesliga,Steffen Baumgart,RheinEnergieStadion,1948-02-13 00:00:00,2671,Germany,1. FC Köln,#ffffff
Bundesliga,Bundesliga 22/23,FC Schalke 04,FC Schalke 04,fc-schalke-04,Schalke,M,Football,Germany,2. Bundesliga,Karel Geraerts,VELTINS-Arena,1904-05-04 00:00:00,2530,Germany,FC Schalke 04,#0541cd
Bundesliga,Bundesliga 22/23,Hertha BSC,Hertha BSC,hertha-bsc,Hertha,M,Football,Germany,Bundesliga,Pál Dárdai,Olympiastadion,1892-07-25 00:00:00,2528,Germany,Hertha BSC,#ffffff
Bundesliga,Bundesliga 21/22,Arminia Bielefeld,Arminia Bielefeld,arminia-bielefeld,Bielefeld,M,Football,Germany,Bundesliga,Michel Kniat,Schüco-Arena,1905-05-03 00:00:00,2540,Germany,Arminia Bielefeld,#092288
Bundesliga,Bundesliga 21/22,SpVgg Greuther Fürth,SpVgg Greuther Fürth,spvgg-greuther-furth,Fürth,M,Football,Germany,Bundesliga,Alexander Zorniger,Sportpark Ronhof Thomas Sommer,1903-09-23 00:00:00,2551,Germany,SpVgg Greuther Fürth,#ffffff
Bundesliga,Bundesliga 19/20,Fortuna Düsseldorf,Fortuna Düsseldorf,fortuna-dusseldorf,Fortuna,M,Football,Germany,2. Bundesliga,Daniel Thioune,Merkur Spiel-Arena,1895-05-05 00:00:00,2588,Germany,Fortuna Düsseldorf,#ffffff
Bundesliga,Bundesliga 19/20,SC Paderborn 07,SC Paderborn 07,sc-paderborn-07,Paderborn,M,Football,Germany,2. Bundesliga,Lukas Kwasniok,Home Deluxe Arena,1985-06-01 00:00:00,2561,Germany,SC Paderborn 07,#0000bb
Bundesliga,Bundesliga 18/19,Hannover 96,Hannover 96,hannover-96,Hannover,M,Football,Germany,2. Bundesliga,Stefan Leitl,Heinz-von-Heiden-Arena,1896-04-12 00:00:00,2541,Germany,Hannover 96,#bf0000
Bundesliga,Bundesliga 18/19,1. FC Nürnberg,1. FC Nürnberg,1-fc-nurnberg,Nürnberg,M,Football,Germany,2. Bundesliga,Cristian Fiél,Max-Morlock-Stadion,1900-05-04 00:00:00,2523,Germany,1. FC Nürnberg,#990000
Bundesliga,Bundesliga 17/18,Hamburger SV,Hamburger SV,hamburger-sv,HSV,M,Football,Germany,2. Bundesliga,Tim Walter,Volksparkstadion,1887-09-29 00:00:00,2676,Germany,Hamburger SV,#ffffff
Bundesliga,Bundesliga 16/17,FC Ingolstadt 04,FC Ingolstadt 04,fc-ingolstadt-04,Ingolstadt,M,Football,Germany,2. Bundesliga,Michael Köllner,Audi Sportpark,2004-02-05 00:00:00,5880,Germany,FC Ingolstadt 04,#ff0000
Bundesliga,Bundesliga 13/14,Eintracht Braunschweig,Eintracht Braunschweig,eintracht-braunschweig,Braunschweig,M,Football,Germany,3. Liga,Daniel Scherning,Eintracht-Stadion,1895-12-15 00:00:00,2557,Germany,Eintracht Braunschweig,#ffcc00
Bundesliga,Bundesliga 11/12,1. FC Kaiserslautern,1. FC Kaiserslautern,1-fc-kaiserslautern,Kaiserslautern,M,Football,Germany,3. Liga,Dirk Schuster,Fritz-Walter-Stadion,1900-06-02 00:00:00,2675,Germany,1. FC Kaiserslautern,#ca0000
Bundesliga,Bundesliga 10/11,FC St. Pauli,FC St. Pauli,fc-st-pauli,St. Pauli,M,Football,Germany,2. Bundesliga,Fabian Hurzeler,Millerntor-Stadion,1910-05-15 00:00:00,2526,Germany,FC St. Pauli,#300202
Bundesliga,Bundesliga 08/09,Energie Cottbus,Energie Cottbus,energie-cottbus,Cottbus,M,Football,Germany Amateur,Regionalliga Northeast,Claus-Dieter Wollitz,Stadion der Freundschaft,1966-01-31 00:00:00,2532,Germany,Energie Cottbus,#ff0000
Bundesliga,Bundesliga 08/09,Karlsruher SC,Karlsruher SC,karlsruher-sc,Karlsruhe,M,Football,Germany,2. Bundesliga,Christian Eichner,Wildparkstadion,1952-10-16 00:00:00,2553,Germany,Karlsruher SC,#0000dd
Bundesliga,Bundesliga 07/08,F.C. Hansa Rostock,F.C. Hansa Rostock,fc-hansa-rostock,Rostock,M,Football,Germany,2. Bundesliga,Alois Schwartz,Ostseestadion,1965-12-28 00:00:00,2533,Germany,F.C. Hansa Rostock,#0033ff
Bundesliga,Bundesliga 07/08,MSV Duisburg,MSV Duisburg,msv-duisburg,Duisburg,M,Football,Germany,3. Liga,Boris Schommers,Schauinsland-Reisen-Arena,1902-09-17 00:00:00,2543,Germany,MSV Duisburg,#ffffff
Bundesliga,Bundesliga 06/07,Alemannia Aachen,Alemannia Aachen,alemannia-aachen,Aachen,M,Football,Germany Amateur,Regionalliga West,,Tivoli,1900-12-16 00:00:00,2546,Germany,Alemannia Aachen,#000000
Bundesliga,Bundesliga 03/04,TSV 1860 München,TSV 1860 München,tsv-1860-munchen,1860 München,M,Football,Germany,3. Liga,Maurizio Jacobacci,Stad. a. d. Grünwalder Str.,1860-05-17 00:00:00,2536,Germany,TSV 1860 München,#ffffff
Bundesliga,Bundesliga 00/01,SpVgg Unterhaching,SpVgg Unterhaching,spvgg-unterhaching,Unterhaching,M,Football,Germany,Regionalliga Bavaria,Marc Unterberger,Alpenbauer Sportpark,1925-01-01 00:00:00,2555,Germany,SpVgg Unterhaching,#ff0000
Bundesliga,Bundesliga 99/00,SSV Ulm 1846,SSV Ulm 1846,ssv-ulm-1846,Ulm,M,Football,Germany,Regionalliga Southwest,Thomas Wörle,Donaustadion,1970-05-05 00:00:00,2580,Germany,SSV Ulm 1846,#ffffff
Serie A,Serie A 23/24,Milan,Milan,milan,Milan,M,Football,Italy,Serie A,Stefano Pioli,San Siro/Giuseppe Meazza,1899-12-16 00:00:00,2692,Italy,Milan,#000000
Serie A,Serie A 23/24,Atalanta,Atalanta,atalanta,Atalanta,M,Football,Italy,Serie A,Gian Piero Gasperini,Gewiss Stadium,1907-10-17 00:00:00,2686,Italy,Atalanta,#0000cc
Serie A,Serie A 23/24,Fiorentina,Fiorentina,fiorentina,Fiorentina,M,Football,Italy,Serie A,Vincenzo Italiano,Stadio Artemio Franchi,1926-08-29 00:00:00,2693,Italy,Fiorentina,#542baa
Serie A,Serie A 23/24,Bologna,Bologna,bologna,Bologna,M,Football,Italy,Serie A,Thiago Motta,Renato Dall'Ara,1909-10-03 00:00:00,2685,Italy,Bologna,#003366
Serie A,Serie A 23/24,Monza,Monza,monza,Monza,M,Football,Italy,Serie B,Raffaele Palladino,U-Power Stadium,1912-09-01 00:00:00,2729,Italy,Monza,#d71742
Serie A,Serie A 23/24,Lazio,Lazio,lazio,Lazio,M,Football,Italy,Serie A,Maurizio Sarri,Stadio Olimpico,1900-01-09 00:00:00,2699,Italy,Lazio,#64b6e1
Serie A,Serie A 23/24,Torino,Torino,torino,Torino,M,Football,Italy,Serie A,Ivan Jurić,Stadio Olimpico Grande Torino,1906-12-03 00:00:00,2696,Italy,Torino,#6d1b1d
Serie A,Serie A 23/24,Frosinone,Frosinone,frosinone,Frosinone,M,Football,Italy,Serie B,Eusebio Di Francesco,Stadio Benito Stirpe,1911-11-30 00:00:00,2801,Italy,Frosinone,#ffff00
Serie A,Serie A 23/24,Genoa,Genoa,genoa,Genoa,M,Football,Italy,Serie A,Alberto Gilardino,Luigi Ferraris,1893-09-07 00:00:00,2713,Italy,Genoa,#000033
Serie A,Serie A 23/24,Lecce,Lecce,lecce,Lecce,M,Football,Italy,Serie B,Roberto D'Aversa,Via del Mare,1908-03-16 00:00:00,2689,Italy,Lecce,#f6ea00
Serie A,Serie A 23/24,Sassuolo,Sassuolo,sassuolo,Sassuolo,M,Football,Italy,Serie A,Alessio Dionisi,Mapei Stadium-Città del Tricolore,1920-07-17 00:00:00,2793,Italy,Sassuolo,#006600
Serie A,Serie A 23/24,Empoli,Empoli,empoli,Empoli,M,Football,Italy,Serie A,Aurelio Andreazzoli,Carlo Castellani,1920-03-30 00:00:00,2705,Italy,Empoli,#0d5696
Serie A,Serie A 23/24,Cagliari,Cagliari,cagliari,Cagliari,M,Football,Italy,Serie A,Claudio Ranieri,Unipol Domus,1920-05-30 00:00:00,2719,Italy,Cagliari,#990000
Serie A,Serie A 23/24,Hellas Verona,Hellas Verona,hellas-verona,Verona,M,Football,Italy,Serie A,Marco Baroni,Stadio Marcantonio Bentegodi,1903-09-30 00:00:00,2701,Italy,Hellas Verona,#071d7e
Serie A,Serie A 23/24,Salernitana,Salernitana,salernitana,Salernitana,M,Football,Italy,Serie A,Filippo Inzaghi,Stadio Arechi,1919-06-19 00:00:00,2710,Italy,Salernitana,#660000
Serie A,Serie A 22/23,Spezia,Spezia,spezia,Spezia,M,Football,Italy,Serie A,Luca D'Angelo,Stadio Alberto Picco,1906-10-10 00:00:00,2735,Italy,Spezia,#ffffff
Serie A,Serie A 22/23,Cremonese,Cremonese,cremonese,Cremonese,M,Football,Italy,Serie B,Giovanni Stroppa,Stadio Giovanni Zini,1903-03-24 00:00:00,2761,Italy,Cremonese,#c8091d
Serie A,Serie A 22/23,Sampdoria,Sampdoria,sampdoria,Sampdoria,M,Football,Italy,Serie A,Andrea Pirlo,Luigi Ferraris,1946-08-12 00:00:00,2711,Italy,Sampdoria,#0000ff
Serie A,Serie A 21/22,Venezia,Venezia,venezia,Venezia,M,Football,Italy,Serie A,Paolo Vanoli,Stadio Pierluigi Penzo,1907-01-01 00:00:00,2688,Italy,Venezia,#231f20
Serie A,Serie A 20/21,Benevento,Benevento,benevento,Benevento,M,Football,Italy,Serie B,Matteo Andreoletti,Stadio Ciro Vigorito,1929-09-06 00:00:00,2759,Italy,Benevento,#ffff00
Serie A,Serie A 20/21,Crotone,Crotone,crotone,Crotone,M,Football,Italy,Serie B,Lamberto Zauli,Stadio Ezio Scida,1922-11-30 00:00:00,2718,Italy,Crotone,#000066
Serie A,Serie A 20/21,Parma,Parma,parma,Parma,M,Football,Italy,Serie B,Fabio Pecchia,Ennio Tardini,1913-07-27 00:00:00,2690,Italy,Parma,#ffffff
Serie A,Serie A 19/20,Brescia,Brescia,brescia,Brescia,M,Football,Italy,Serie B,Rolando Maran,Stadio Mario Rigamonti,1911-07-17 00:00:00,2691,Italy,Brescia,#2388ed
Serie A,Serie A 19/20,SPAL,SPAL,spal,SPAL,M,Football,Italy,Serie B,Leonardo Colucci,Stadio Paolo Mazza,1906-11-30 00:00:00,113755,Italy,SPAL,#ffffff
Serie A,Serie A 18/19,ChievoVerona,ChievoVerona,chievoverona,Chievo,M,Football,Italy,Serie B,,Marc Antonio Bentegodi,1928-11-30 00:00:00,2694,Italy,ChievoVerona,#ffff00
Serie A,Serie A 16/17,Palermo,Palermo,palermo,Palermo,M,Football,Italy,"Serie C, Girone C",Eugenio Corini,Renzo Barbera,2019-07-24 00:00:00,2715,Italy,Palermo,#ffb3d9
Serie A,Serie A 16/17,Pescara,Pescara,pescara,Pescara,M,Football,Italy,Serie B,Zdenek Zeman,Stadio Adriatico,1936-07-04 00:00:00,7935,Italy,Pescara,#ffffff
Serie A,Serie A 15/16,Carpi,Carpi,carpi,Carpi,M,Football,Italy,"Serie C, Girone B",Cristian Serpini,Stadio Sandro Cabassi,1908-11-30 00:00:00,43685,Italy,Carpi,#ffffff
Serie A,Serie A 14/15,Cesena,Cesena,cesena,Cesena,M,Football,Italy,"Serie C, Girone B",Domenico Toscano,Orogel Stadium-Dino Manuzzi,2018-08-02 00:00:00,2742,Italy,Cesena,#ffffff
Serie A,Serie A 13/14,Catania,Catania,catania,Catania,M,Football,Italy,"Serie C, Girone C",Cristiano Lucarelli,Stadio Angelo Massimino,1929-08-28 00:00:00,2725,Italy,Catania,#3399ff
Serie A,Serie A 13/14,Livorno,Livorno,livorno,Livorno,M,Football,Italy,"Serie C, Girone A",Giancarlo Favarin,Armando Picchi,1915-02-15 00:00:00,2726,Italy,Livorno,#68132c
Serie A,Serie A 12/13,Siena,Siena,siena,Siena,M,Football,Italy Amateur,"Serie D, Girone E",,Stadio Artemio Franchi,1904-09-15 00:00:00,170650,Italy,Siena,#ffffff
Serie A,Serie A 11/12,Novara,Novara,novara,Novara,M,Football,Italy,"Serie C, Girone A",Giacomo Gattuso,Stadio Silvio Piola,1908-12-22 00:00:00,2767,Italy,Novara,#0066cc
Serie A,Serie A 10/11,Bari,Bari,bari,Bari,M,Football,Italy,"Serie C, Girone C",Pasquale Marino,San Nicola,1908-01-15 00:00:00,2712,Italy,Bari,#ffffff
Serie A,Serie A 08/09,LFA Reggio Calabria,LFA Reggio Calabria,lfa-reggio-calabria,Reggio Calabria,M,Football,Italy,,Bruno Trocini,Stadio Oreste Granillo,1914-01-11 00:00:00,491246,Italy,LFA Reggio Calabria,#841230
Serie A,Serie A 06/07,Ascoli,Ascoli,ascoli,Ascoli,M,Football,Italy,Serie B,Fabrizio Castori,Cino e Lillo Del Duca,1898-11-01 00:00:00,2707,Italy,Ascoli,#000000
Serie A,Serie A 06/07,Messina,Messina,messina,Messina,M,Football,Italy,"Serie D, Girone I",Giacomo Modica,San Filippo-Franco Scoglio,1900-12-01 00:00:00,2720,Italy,Messina,#ff0000
Serie A,Serie A 05/06,Treviso,Treviso,treviso,Treviso,M,Football,Italy,"Coppa Italia Serie C, 2nd Round",Michele Florindo,,1909-01-18 00:00:00,4485,Italy,Treviso,#8bc7fb
Serie A,Serie A 03/04,Perugia,Perugia,perugia,Perugia,M,Football,Italy,"Serie C, Girone B",Francesco Baldini,Stadio Renato Curi,1905-06-09 00:00:00,2698,Italy,Perugia,#ff0000
Serie A,Serie A 03/04,Modena,Modena,modena,Modena,M,Football,Italy,"Serie C, Girone B",Paolo Bianco,Alberto Braglia,1912-04-05 00:00:00,2706,Italy,Modena,#ffff00
Serie A,Serie A 03/04,Ancona,Ancona,ancona,Ancona,M,Football,Italy,"Serie C, Girone B",Gianluca Colavitto,Stadio del Conero,1905-03-05 00:00:00,2721,Italy,Ancona,#ff0000
Serie A,Serie A 02/03,Piacenza,Piacenza,piacenza,Piacenza,M,Football,Italy,"Serie C, Girone A",Stefano Rossini,Stadio Leonardo Garilli,1919-06-30 00:00:00,2700,Italy,Piacenza,#ff0000
Serie A,Serie A 02/03,Como,Como,como,Como,M,Football,Italy,"Serie C, Girone A",Cesc Fàbregas,Stadio Giuseppe Sinigaglia,1907-05-25 00:00:00,2704,Italy,Como,#09436b
Serie A,Serie A 00/01,L.R. Vicenza,L.R. Vicenza,lr-vicenza,Vicenza,M,Football,Italy,Serie B,Aimo Diana,Stadio Romeo Menti,1902-03-09 00:00:00,2722,Italy,L.R. Vicenza,#ffffff
Ligue 1,Ligue 1 23/24,Nice,Nice,nice,Nice,M,Football,France,Ligue 1,Francesco Farioli,Allianz Riviera,1904-07-09 00:00:00,1661,France,Nice,#000000
Ligue 1,Ligue 1 23/24,Lille,Lille,lille,Lille,M,Football,France,Ligue 1,Paulo Fonseca,Stade Pierre Mauroy,1944-09-23 00:00:00,1643,France,Lille,#df0000
Ligue 1,Ligue 1 23/24,Stade de Reims,Stade de Reims,stade-de-reims,Reims,M,Football,France,Ligue 1,Will Still,Stade Auguste Delaune,1931-06-18 00:00:00,1682,France,Stade de Reims,#ffffff
Ligue 1,Ligue 1 23/24,Lens,Lens,lens,Lens,M,Football,France,Ligue 1,Franck Haise,Stade Bollaert-Delelis,1906-01-01 00:00:00,1648,France,Lens,#a71a1b
Ligue 1,Ligue 1 23/24,Le Havre,Le Havre,le-havre,Le Havre,M,Football,France,Ligue 2,Luka Elsner,Stade Oceane,1872-01-01 00:00:00,1662,France,Le Havre,#3399ff
Ligue 1,Ligue 1 23/24,Stade Brestois,Stade Brestois,stade-brestois,Brest,M,Football,France,Ligue 1,Eric Roy,Stade Francis-Le Ble,1950-06-26 00:00:00,1715,France,Stade Brestois,#ffffff
Ligue 1,Ligue 1 23/24,Nantes,Nantes,nantes,Nantes,M,Football,France,Ligue 1,Pierre Aristouy,Stade de la Beaujoire,1943-04-21 00:00:00,1647,France,Nantes,#ffdc12
Ligue 1,Ligue 1 23/24,Metz,Metz,metz,Metz,M,Football,France,Ligue 1,Laszlo Boloni,Stade Saint Symphorien,1932-09-11 00:00:00,1651,France,Metz,#a2052c
Ligue 1,Ligue 1 23/24,Strasbourg,Strasbourg,strasbourg,Strasbourg,M,Football,France,Ligue 1,Patrick Vieira,Stade de la Meinau,1906-01-01 00:00:00,1659,France,Strasbourg,#00458e
Ligue 1,Ligue 1 23/24,Montpellier,Montpellier,montpellier,Montpellier,M,Football,France,Ligue 1,Michel Der Zakarian,Stade de la Mosson,1974-01-01 00:00:00,1642,France,Montpellier,#003e7e
Ligue 1,Ligue 1 23/24,Stade Rennais,Stade Rennais,stade-rennais,Rennes,M,Football,France,Ligue 1,Bruno Genesio,Roazhon Park,1901-03-10 00:00:00,1658,France,Stade Rennais,#ff0000
Ligue 1,Ligue 1 23/24,Toulouse,Toulouse,toulouse,Toulouse,M,Football,France,Ligue 2,Carles Martínez,Stadium de Toulouse,1937-01-01 00:00:00,1681,France,Toulouse,#660099
Ligue 1,Ligue 1 23/24,Lorient,Lorient,lorient,Lorient,M,Football,France,Ligue 1,Régis Le Bris,Stade Yves Allainmat-Le Moustoir,1926-04-02 00:00:00,1656,France,Lorient,#ff6600
Ligue 1,Ligue 1 23/24,Clermont Foot,Clermont Foot,clermont-foot,Clermont,M,Football,France,Ligue 1,Pascal Gastien,Stade Gabriel Montpied,1911-10-11 00:00:00,1680,France,Clermont Foot,#cc0000
Ligue 1,Ligue 1 22/23,Auxerre,Auxerre,auxerre,Auxerre,M,Football,France,Ligue 2,Christophe Pélissier,Stade de l'Abbe-Deschamps,1905-12-29 00:00:00,1646,France,Auxerre,#ffffff
Ligue 1,Ligue 1 22/23,Ajaccio,Ajaccio,ajaccio,Ajaccio,M,Football,France,Ligue 2,Olivier Pantaloni,Stade Francois Coty,1910-03-01 00:00:00,1660,France,Ajaccio,#ffffff
Ligue 1,Ligue 1 22/23,Troyes,Troyes,troyes,Troyes,M,Football,France,Ligue 1,Patrick Kisnorbo,Stade de l'Aube,1986-01-01 00:00:00,1652,France,Troyes,#0000ff
Ligue 1,Ligue 1 22/23,Angers,Angers,angers,Angers,M,Football,France,Ligue 1,Alexandre Dujeux,Stade Raymond-Kopa,1919-10-19 00:00:00,1684,France,Angers,#000000
Ligue 1,Ligue 1 21/22,Saint-Étienne,Saint-Étienne,saint-etienne,Saint-Étienne,M,Football,France,Ligue 1,Laurent Batlles,Stade Geoffroy Guichard,1933-06-01 00:00:00,1678,France,Saint-Étienne,#1e824c
Ligue 1,Ligue 1 20/21,Nîmes Olympique,Nîmes Olympique,nimes-olympique,Nîmes,M,Football,France,Ligue 2,Frederic Bompard,Stade des Costieres,1937-04-10 00:00:00,1663,France,Nîmes Olympique,#cc0000
Ligue 1,Ligue 1 20/21,Dijon,Dijon,dijon,Dijon,M,Football,France,Ligue 2,Benoit Tavenot,Stade Gaston Gerard,1998-07-01 00:00:00,1686,France,Dijon,#d71938
Ligue 1,Ligue 1 19/20,Amiens SC,Amiens SC,amiens-sc,Amiens,M,Football,France,Ligue 2,Omar Daf,Stade Crédit Agricole la Licorne,1901-10-06 00:00:00,1676,France,Amiens SC,#ffffff
Ligue 1,Ligue 1 18/19,Caen,Caen,caen,Caen,M,Football,France,Ligue 2,Denis Moutier,Stade Michel d'Ornano,1913-11-17 00:00:00,1667,France,Caen,#003c95
Ligue 1,Ligue 1 18/19,Guingamp,Guingamp,guingamp,Guingamp,M,Football,France,Ligue 2,Stephane Dumont,Stade du Roudourou,1912-01-01 00:00:00,1654,France,Guingamp,#cc0000
Ligue 1,Ligue 1 16/17,Nancy,Nancy,nancy,Nancy,M,Football,France,Ligue 2,Benoit Pedretti,Stade Marcel Picot,1967-06-16 00:00:00,1675,France,Nancy,#ffffff
Ligue 1,Ligue 1 16/17,Bastia,Bastia,bastia,Bastia,M,Football,France,Ligue 2,Regis Brouard,Stade Armand Cesari,1905-01-01 00:00:00,1655,France,Bastia,#004be8
Ligue 1,Ligue 1 15/16,GFC Ajaccio,GFC Ajaccio,gfc-ajaccio,GFC Ajaccio,M,Football,France Amateur,Coupe de France,,Stade Ange-Casanova,1910-01-01 00:00:00,7924,France,GFC Ajaccio,#cc3300
Ligue 1,Ligue 1 14/15,Thonon Evian Grand Genève F.C,Thonon Evian Grand Genève F.C,thonon-evian-grand-geneve-fc,Thonon Evian,M,Football,France Amateur,Coupe de France,,Stade Joseph-Moynat,1924-01-01 00:00:00,21800,France,Thonon Evian Grand Genève F.C,#ff99ff
Ligue 1,Ligue 1 13/14,Sochaux,Sochaux,sochaux,Sochaux,M,Football,France,Ligue 2,Oswald Tanchot,Stade Bonal,1928-01-01 00:00:00,1657,France,Sochaux,#ffff00
Ligue 1,Ligue 1 13/14,Valenciennes,Valenciennes,valenciennes,Valenciennes,M,Football,France,Ligue 2,Jorge Maciel,Stade du Hainaut,1913-01-01 00:00:00,5061,France,Valenciennes,#cc0000
Ligue 1,Ligue 1 10/11,Arles,Arles,arles,Arles,M,Football,France,Coupe de la Ligue,,Parc des Sports,1912-12-19 00:00:00,7721,France,Arles,#ffff00
Ligue 1,Ligue 1 09/10,Le Mans,Le Mans,le-mans,Le Mans,M,Football,France,National 1,Reginald Ray,Stade Marie-Marvingt,1985-06-12 00:00:00,1672,France,Le Mans,#ff0000
Ligue 1,Ligue 1 09/10,US Boulogne Côte-d'Opale,US Boulogne Côte-d'Opale,us-boulogne-cote-dopale,Boulogne-sur-Mer,M,Football,France,National 1,Christophe Raymond,Stade de la Libération,1898-01-01 00:00:00,1711,France,US Boulogne Côte-d'Opale,#000000
Ligue 1,Ligue 1 09/10,Grenoble Foot 38,Grenoble Foot 38,grenoble-foot-38,Grenoble,M,Football,France,Ligue 2,Vincent Hognon,Stade des Alpes,1892-01-01 00:00:00,1671,France,Grenoble Foot 38,#001a73
Ligue 1,Ligue 1 06/07,CS Sedan,CS Sedan,cs-sedan,CS Sedan,M,Football,France,National 1,,Stade Louis Dugauguez,1919-01-01 00:00:00,1650,France,CS Sedan,#ff0000
Ligue 1,Ligue 1 04/05,Istres,Istres,istres,Istres,M,Football,France Amateur,Coupe de France,Frederic Cravero,Stade Parsemain,1920-01-01 00:00:00,1674,France,Istres,#9995c8
Ligue 1,Division 1 97/98,Châteauroux,Châteauroux,chateauroux,Châteauroux,M,Football,France,National 1,Olivier Saragaglia,Stade Gaston Petit,1883-01-01 00:00:00,1666,France,Châteauroux,#330099
Ligue 1,Division 1 97/98,AS Cannes,AS Cannes,as-cannes,AS Cannes,M,Football,France Amateur,Coupe de France,Jean Noel Cabezas,Stade Pierre de Coubertin,1902-01-01 00:00:00,1755,France,AS Cannes,#ae131d
Eredivisie,Eredivisie 23/24,AZ Alkmaar,AZ Alkmaar,az-alkmaar,AZ,M,Football,Netherlands,Eredivisie,Pascal Jansen,AFAS Stadion,1967-05-10 00:00:00,2950,Netherlands,AZ Alkmaar,#ff0000
Eredivisie,Eredivisie 23/24,Go Ahead Eagles,Go Ahead Eagles,go-ahead-eagles,GA Eagles,M,Football,Netherlands,Eredivisie,Rene Hake,De Adelaarshorst,1902-12-02 00:00:00,2979,Netherlands,Go Ahead Eagles,#ffcc00
Eredivisie,Eredivisie 23/24,Sparta Rotterdam,Sparta Rotterdam,sparta-rotterdam,Sparta,M,Football,Netherlands,Eredivisie,Jeroen Rijsdijk,Het Kasteel,1888-04-01 00:00:00,2960,Netherlands,Sparta Rotterdam,#ffffff
Eredivisie,Eredivisie 23/24,SC Heerenveen,SC Heerenveen,sc-heerenveen,Heerenveen,M,Football,Netherlands,Eredivisie,Kees Van Wonderen,Abe Lenstra Stadion,1920-07-20 00:00:00,2964,Netherlands,SC Heerenveen,#ffffff
Eredivisie,Eredivisie 23/24,Excelsior,Excelsior,excelsior,Excelsior,M,Football,Netherlands,Eerste Divisie,Marinus Dijkhuizen,Stadion Woudestein,1902-07-23 00:00:00,2967,Netherlands,Excelsior,#000000
Eredivisie,Eredivisie 23/24,PEC Zwolle,PEC Zwolle,pec-zwolle,Zwolle,M,Football,Netherlands,Eredivisie,Johnny Jansen,MAC³PARK Stadion,1910-06-12 00:00:00,2971,Netherlands,PEC Zwolle,#0066cc
Eredivisie,Eredivisie 23/24,Almere City FC,Almere City FC,almere-city-fc,Almere City,M,Football,Netherlands,Eerste Divisie,Alex Pastoor,Yanmar Stadion,2001-09-14 00:00:00,2990,Netherlands,Almere City FC,#620709
Eredivisie,Eredivisie 23/24,Fortuna Sittard,Fortuna Sittard,fortuna-sittard,Fortuna,M,Football,Netherlands,Eredivisie,Danny Buijs,Fortuna Sittard Stadion,1968-07-01 00:00:00,2957,Netherlands,Fortuna Sittard,#00674c
Eredivisie,Eredivisie 23/24,RKC Waalwijk,RKC Waalwijk,rkc-waalwijk,Waalwijk,M,Football,Netherlands,Eredivisie,Henk Fraser,Mandemakers Stadion,1940-08-26 00:00:00,2956,Netherlands,RKC Waalwijk,#ffff00
Eredivisie,Eredivisie 23/24,Heracles Almelo,Heracles Almelo,heracles-almelo,Heracles,M,Football,Netherlands,Eredivisie,John Lammers,Erve Asito,1903-05-03 00:00:00,2977,Netherlands,Heracles Almelo,#ffffff
Eredivisie,Eredivisie 23/24,NEC Nijmegen,NEC Nijmegen,nec-nijmegen,NEC,M,Football,Netherlands,Eredivisie,Rogier Meijer,Stadion de Goffert,1900-11-15 00:00:00,2962,Netherlands,NEC Nijmegen,#ff0000
Eredivisie,Eredivisie 23/24,FC Utrecht,FC Utrecht,fc-utrecht,Utrecht,M,Football,Netherlands,Eredivisie,Ron Jans,Stadion Galgenwaard,1970-07-01 00:00:00,2948,Netherlands,FC Utrecht,#ff0000
Eredivisie,Eredivisie 23/24,FC Volendam,FC Volendam,fc-volendam,Volendam,M,Football,Netherlands,Eerste Divisie,Matthias Kohler,Kras Stadion,1977-06-01 00:00:00,2968,Netherlands,FC Volendam,#f5762f
Eredivisie,Eredivisie 23/24,Vitesse,Vitesse,vitesse,Vitesse,M,Football,Netherlands,Eredivisie,Edward Sturing,Gelredome,1892-05-14 00:00:00,2958,Netherlands,Vitesse,#ffff00
Eredivisie,Eredivisie 22/23,FC Emmen,FC Emmen,fc-emmen,Emmen,M,Football,Netherlands,Eerste Divisie,Fred Grim,De Oude Meerdijk,1925-08-21 00:00:00,2965,Netherlands,FC Emmen,#e8ecf8
Eredivisie,Eredivisie 22/23,SC Cambuur,SC Cambuur,sc-cambuur,Cambuur,M,Football,Netherlands,Eredivisie,Henk de Jong,Cambuur-Stadion,1964-06-19 00:00:00,2970,Netherlands,SC Cambuur,#ffff00
Eredivisie,Eredivisie 22/23,FC Groningen,FC Groningen,fc-groningen,Groningen,M,Football,Netherlands,Eredivisie,Dick Lukkien,Hitachi Capital Mobility Stadion,1971-06-16 00:00:00,2951,Netherlands,FC Groningen,#ffffff
Eredivisie,Eredivisie 21/22,Willem II Tilburg,Willem II Tilburg,willem-ii-tilburg,Willem II,M,Football,Netherlands,Eredivisie,Peter Maes,Koning Willem II Stadion,1896-08-12 00:00:00,2961,Netherlands,Willem II Tilburg,#ffffff
Eredivisie,Eredivisie 20/21,VVV-Venlo,VVV-Venlo,vvv-venlo,VVV-Venlo,M,Football,Netherlands,Eerste Divisie,Rick Kruys,Covebo Stadion - De Koel,1903-02-07 00:00:00,2980,Netherlands,VVV-Venlo,#ffff00
Eredivisie,Eredivisie 20/21,ADO Den Haag,ADO Den Haag,ado-den-haag,ADO,M,Football,Netherlands,Eerste Divisie,Darije Kalezić,Cars Jeans Stadion,1905-02-01 00:00:00,2966,Netherlands,ADO Den Haag,#339900
Eredivisie,Eredivisie 18/19,De Graafschap,De Graafschap,de-graafschap,De Graafschap,M,Football,Netherlands,Eerste Divisie,Jan Vreman,De Vijverberg,1954-02-01 00:00:00,2949,Netherlands,De Graafschap,#ffffff
Eredivisie,Eredivisie 18/19,NAC Breda,NAC Breda,nac-breda,NAC Breda,M,Football,Netherlands,Eerste Divisie,Jean-Paul van Gastel,Rat Verlegh Stadion,1912-09-19 00:00:00,2947,Netherlands,NAC Breda,#ffcc00
Eredivisie,Eredivisie 17/18,Roda JC Kerkrade,Roda JC Kerkrade,roda-jc-kerkrade,Roda,M,Football,Netherlands,Eerste Divisie,Bas Sibum,Parkstad Limburg,1962-06-27 00:00:00,2954,Netherlands,Roda JC Kerkrade,#ffff00
Eredivisie,Eredivisie 14/15,FC Dordrecht,FC Dordrecht,fc-dordrecht,Dordrecht,M,Football,Netherlands,Eerste Divisie,Michele Santoni,GN Bouw Stadion,1972-07-01 00:00:00,2973,Netherlands,FC Dordrecht,#00cc66
CONMEBOL Libertadores,Copa Libertadores 2023,Racing Club,Racing Club,racing-club,Racing,M,Football,Argentina,Liga Profesional de Fútbol,Sebastián Grazzini,Estadio Presidente Perón,1903-03-25 00:00:00,3215,Argentina,Racing Club,#00ccff
CONMEBOL Libertadores,Copa Libertadores 2023,Ñublense,Ñublense,nublense,Ñublense,M,Football,Chile,Primera Division,Hernan Caputto,Estadio Municipal Nelson Oyarzún Arenas,1916-08-20 00:00:00,7029,Chile,Ñublense,#ff0000
CONMEBOL Libertadores,Copa Libertadores 2023,Aucas,Aucas,aucas,Aucas,M,Football,Ecuador,"LigaPro Serie A, Primera Etapa",Santiago Escobar,Estadio Gonzalo Pozo Ripalda,1945-02-06 00:00:00,5249,Ecuador,Aucas,#d4252a
CONMEBOL Libertadores,Copa Libertadores 2022,Emelec,Emelec,emelec,Emelec,M,Football,Ecuador,"LigaPro Serie A, Primera Etapa",Hernan Torres Oliveros,Estadio Banco del Pacífico Capwell,1929-04-28 00:00:00,5255,Ecuador,Emelec,#0000cc
CONMEBOL Libertadores,Copa Libertadores 2022,Deportivo Táchira,Deportivo Táchira,deportivo-tachira,Dep. Táchira,M,Football,Venezuela,"Primera División, Grupo Occidental",Eduardo Sarago,Polideportivo de Pueblo Nuevo,1974-01-11 00:00:00,6231,Venezuela,Deportivo Táchira,#ffff00
CONMEBOL Libertadores,Copa Libertadores 2022,Independiente Petrolero,Independiente Petrolero,independiente-petrolero,Independiente Petrolero,M,Football,Bolivia,Division Profesional,Marcelo Robledo,Estadio Olimpico Patria,1932-04-04 00:00:00,372975,Bolivia,Independiente Petrolero,#fc0601
CONMEBOL Libertadores,Copa Libertadores 2021,Defensa y Justicia,Defensa y Justicia,defensa-y-justicia,Def y Justicia,M,Football,Argentina,Liga Profesional de Fútbol,Julio Vaccari,Estadio Norberto Tomaghello,1935-03-20 00:00:00,36839,Argentina,Defensa y Justicia,#ffff00
CONMEBOL Libertadores,Copa Libertadores 2021,Independiente del Valle,Independiente del Valle,independiente-del-valle,Independiente del Valle,M,Football,Ecuador,"LigaPro Serie A, Primera Etapa",Martin Anselmi,Estadio Banco De Guayaquil,1958-03-01 00:00:00,39723,Ecuador,Independiente del Valle,#002945
CONMEBOL Libertadores,Copa Libertadores 2021,Universitario,Universitario,universitario,Universitario,M,Football,Peru,"Liga 1, Clausura",Jorge Fossati,Estadio Monumental,1924-08-07 00:00:00,2305,Peru,Universitario,#ffffcc
CONMEBOL Libertadores,Copa Libertadores 2020,Junior Barranquilla,Junior Barranquilla,junior-barranquilla,Junior Barranquilla,M,Football,Colombia,"Primera A, Apertura",Arturo Reyes,Estadio Metropolitano Roberto Melendez,1924-08-07 00:00:00,6105,Colombia,Junior Barranquilla,#cc0000
CONMEBOL Libertadores,Copa Libertadores 2020,Barcelona SC,Barcelona SC,barcelona-sc,Barcelona SC,M,Football,Ecuador,"LigaPro Serie A, Primera Etapa",Diego Lopez,Estadio Monumental Banco Pichincha,1925-05-01 00:00:00,5250,Ecuador,Barcelona SC,#ffff00
CONMEBOL Libertadores,Copa Libertadores 2019,River Plate,River Plate,river-plate,River,M,Football,Argentina,Liga Profesional de Fútbol,Martín Demichelis,Estadio Mâs Monumental,1901-05-25 00:00:00,3211,Argentina,River Plate,#ffffff
CONMEBOL Libertadores,Copa Libertadores 2019,Palestino,Palestino,palestino,Palestino,M,Football,Chile,Primera Division,Pablo Andres Sanchez,Municipal de La Cisterna,1920-08-20 00:00:00,3157,Chile,Palestino,#ffffff
CONMEBOL Libertadores,Copa Libertadores 2019,Alianza Lima,Alianza Lima,alianza-lima,Alianza Lima,M,Football,Peru,"Liga 1, Clausura",Jose Mauricio Larriera Dibarboure,Estadio Alejandro Villanueva,1901-02-15 00:00:00,2311,Peru,Alianza Lima,#091d47
CONMEBOL Libertadores,Copa Libertadores 2018,Cerro Porteño,Cerro Porteño,cerro-porteno,Cerro Porteño,M,Football,Paraguay,"Primera Division, Apertura",Victor Bernay,General Pablo Rojas,1912-10-01 00:00:00,5991,Paraguay,Cerro Porteño,#cc0000
CONMEBOL Libertadores,Copa Libertadores 2018,Defensor Sporting,Defensor Sporting,defensor-sporting,Defensor,M,Football,Uruguay,Segunda División,Marcelo Mendez,Estadio Luis Franzini,1913-03-15 00:00:00,3229,Uruguay,Defensor Sporting,#9933ff
CONMEBOL Libertadores,Copa Libertadores 2018,Monagas,Monagas,monagas,Monagas,M,Football,Venezuela,"Primera División, Grupo Oriental",Jhonny Ferreira,Monumental de Maturín,1987-09-23 00:00:00,6233,Venezuela,Monagas,#000066
CONMEBOL Libertadores,Copa Libertadores 2017,Estudiantes de La Plata,Estudiantes de La Plata,estudiantes-de-la-plata,Estudiantes,M,Football,Argentina,Liga Profesional de Fútbol,Eduardo Dominguez,Jorge Luis Hirschi Stadium,1905-08-04 00:00:00,3206,Argentina,Estudiantes de La Plata,#ff0000
CONMEBOL Libertadores,Copa Libertadores 2017,Atlético Nacional,Atlético Nacional,atletico-nacional,Atl. Nacional,M,Football,Colombia,"Primera A, Clausura",Jhon Jairo Bodmer,Estadio Atanasio Girardot,1947-03-07 00:00:00,6106,Colombia,Atlético Nacional,#339933
CONMEBOL Libertadores,Copa Libertadores 2016,The Strongest,The Strongest,the-strongest,The Strongest,M,Football,Bolivia,Division Profesional,Pablo Cabanillas,Estadio Hernando Siles,1908-04-08 00:00:00,32529,Bolivia,The Strongest,#ffcc00
CONMEBOL Libertadores,Copa Libertadores 2016,Trujillanos FC,Trujillanos FC,trujillanos-fc,Trujillanos,M,Football,Venezuela,"Primera División, Grupo Occidental",,Estadio Jose Alberto Perez,1981-08-25 00:00:00,6235,Venezuela,Trujillanos FC,#ffff00
CONMEBOL Libertadores,Copa Libertadores 2015,Independiente Santa Fe,Independiente Santa Fe,independiente-santa-fe,Santa Fe,M,Football,Colombia,"Primera A, Apertura",Pablo Peirano,Estadio Nemesio Camacho El Campin,1941-02-28 00:00:00,6116,Colombia,Independiente Santa Fe,#ffffff
CONMEBOL Libertadores,Copa Libertadores 2015,Colo Colo,Colo Colo,colo-colo,Colo-Colo,M,Football,Chile,Primera Division,Gustavo Quinteros,Monumental David Arellano,1925-04-19 00:00:00,3155,Chile,Colo Colo,#ffffff
CONMEBOL Libertadores,Copa Libertadores 2015,Atlas,Atlas,atlas,Atlas,M,Football,Mexico,"Liga MX, Clausura",Omar Flores,Estadio Jalisco,1916-08-15 00:00:00,1949,Mexico,Atlas,#e70b17
CONMEBOL Libertadores,Copa Libertadores 2014,Vélez Sarsfield,Vélez Sarsfield,velez-sarsfield,Vélez Sarsfield,M,Football,Argentina,Liga Profesional de Fútbol,Sebastian Mendez,Jose Amalfitani,1910-01-01 00:00:00,3208,Argentina,Vélez Sarsfield,#ffffff
CONMEBOL Libertadores,Copa Libertadores 2013,Club Nacional de Fútbol,Club Nacional de Fútbol,club-nacional-de-futbol,Nacional,M,Football,Uruguay,"Primera División, Apertura",Àlvaro Recoba,Gran Parque Central,1899-05-14 00:00:00,3230,Uruguay,Club Nacional de Fútbol,#ffffff
CONMEBOL Libertadores,Copa Libertadores 2013,Boca Juniors,Boca Juniors,boca-juniors,Boca Juniors,M,Football,Argentina,Liga Profesional de Fútbol,Mariano Herron,Alberto J. Armando,1905-04-03 00:00:00,3202,Argentina,Boca Juniors,#003399
CONMEBOL Libertadores,Copa Libertadores 2013,Toluca,Toluca,toluca,Toluca,M,Football,Mexico,"Liga MX, Clausura",Carlos Maria Morales,Estadio Nemesio Diez,1917-02-12 00:00:00,1931,Mexico,Toluca,#d50101
CONMEBOL Libertadores,Copa Libertadores 2012,Juan Aurich,Juan Aurich,juan-aurich,Juan Aurich,M,Football,Peru,Liga 2,Jesus Oropesa,Estadio Cesar Flores Marigorda,1922-09-03 00:00:00,2303,Peru,Juan Aurich,#ff0000
CONMEBOL Libertadores,Copa Libertadores 2011,Libertad,Libertad,libertad,Libertad,M,Football,Paraguay,"Primera Division, Apertura",Ariel Galeano,Estadio Dr. Nicolás Léoz,1905-07-30 00:00:00,5996,Paraguay,Libertad,#ffffff
CONMEBOL Libertadores,Copa Libertadores 2011,Once Caldas,Once Caldas,once-caldas,Once Caldas,M,Football,Colombia,"Primera A, Clausura",Hernan Dario Herrera Ramirez,Estadio Palogrande,1961-01-15 00:00:00,6118,Colombia,Once Caldas,#ffffff
CONMEBOL Libertadores,Copa Libertadores 2011,Deportivo USMP,Deportivo USMP,deportivo-usmp,USMP,M,Football,Peru,"Liga 1, Clausura",Duilio Cisneros,Estadio Alberto Gallardo,2004-01-21 00:00:00,5282,Peru,Deportivo USMP,#ffffff
CONMEBOL Libertadores,Copa Libertadores 2011,Chiapas,Chiapas,chiapas,Chiapas,M,Football,Mexico,CONMEBOL Sudamericana,,Estadio Victor Manuel Reyna,2002-06-27 00:00:00,1953,Mexico,Chiapas,#008040
CONMEBOL Libertadores,Copa Libertadores 2010,Racing de Montevideo,Racing de Montevideo,racing-de-montevideo,Racing,M,Football,Uruguay,Segunda División,,Estadio Osvaldo Roberto,1919-04-06 00:00:00,25010,Uruguay,Racing de Montevideo,#339900
CONMEBOL Libertadores,Copa Libertadores 2010,Independiente Medellín,Independiente Medellín,independiente-medellin,Ind. Medellín,M,Football,Colombia,"Primera A, Clausura",Alfredo Arias,Estadio Atanasio Girardot,1914-04-15 00:00:00,6115,Colombia,Independiente Medellín,#ffffff
CONMEBOL Libertadores,Copa Libertadores 2009,LDU,LDU,ldu,LDU,M,Football,Ecuador,"LigaPro Serie A, Primera Etapa",Luis Zubeldia,Estadio Rodrigo Paz Delgado,1918-10-23 00:00:00,5257,Ecuador,LDU,#ffffff
CAF Champions League,CAF Champions League 23/24,Pyramids FC,Pyramids FC,pyramids-fc,Pyramids,M,Football,Egypt,Premier League,Jaime Pacheco,30 June Stadium,2018-06-28 00:00:00,175002,Egypt,Pyramids FC,#09a1d8
CAF Champions League,CAF Champions League 23/24,FC Nouadhibou,FC Nouadhibou,fc-nouadhibou,Nouadhibou,M,Football,Mauritania,"CAF Champions League, Qualification",Aritz Lopez Garai,,1999-03-24 00:00:00,134304,Mauritania,FC Nouadhibou,#ff7629
CAF Champions League,CAF Champions League 23/24,Mamelodi Sundowns,Mamelodi Sundowns,mamelodi-sundowns,Sundowns,M,Football,South Africa,Premiership,Rulani Mokwena,Loftus Versfeld Stadium,1969-11-30 00:00:00,7665,South Africa,Mamelodi Sundowns,#ffe000
CAF Champions League,CAF Champions League 23/24,Tout Puissant Mazembe,Tout Puissant Mazembe,tout-puissant-mazembe,TP Mazembe,M,Football,DR Congo,Vodacom Ligue 1,Lamine N'Diaye,TP Mazembe Stadium,1931-11-30 00:00:00,38873,DR Congo,Tout Puissant Mazembe,#ffffff
CAF Champions League,CAF Champions League 22/23,Wydad AC,Wydad AC,wydad-ac,WAC,M,Football,Morocco,Botola,Adil Ramzi,Stade Mohammed V,1937-05-08 00:00:00,36268,Morocco,Wydad AC,#ff0000
CAF Champions League,CAF Champions League 22/23,JS Kabylie,JS Kabylie,js-kabylie,Kabylie,M,Football,Algeria,Ligue 1,Rui Almeida,Stade 1er Novembre 1954,1946-08-02 00:00:00,42202,Algeria,JS Kabylie,#ffff00
CAF Champions League,CAF Champions League 22/23,Atlético Petroleos de Luanda,Atlético Petroleos de Luanda,atletico-petroleos-de-luanda,Petro de Luanda,M,Football,Angola,Girabola,Alexandre Santos,Estadio 11 de Novembro,,148072,Angola,Atlético Petroleos de Luanda,#fff58c
CAF Champions League,CAF Champions League 22/23,Vita Club,Vita Club,vita-club,Vita Club,M,Football,DR Congo,Vodacom Ligue 1,Raoul Shungu,,1935-02-07 00:00:00,134278,DR Congo,Vita Club,#40c050
CAF Champions League,CAF Champions League 21/22,Al Ahly FC,Al Ahly FC,al-ahly-fc,Al Ahly,M,Football,Egypt,Premier League,Marcel Koller,Cairo International Stadium,1907-04-24 00:00:00,6910,Egypt,Al Ahly FC,#cc0000
CAF Champions League,CAF Champions League 21/22,Al-Hilal Omdurman,Al-Hilal Omdurman,al-hilal-omdurman,Al-Hilal,M,Football,International Clubs,"CAF Champions League, Group B",Florent Ibengé,The Blue Jewel,1930-02-13 00:00:00,69322,Sudan,Al-Hilal Omdurman,#0000ff
CAF Champions League,CAF Champions League 21/22,Al-Merrikh,Al-Merrikh,al-merrikh,Al-Merrikh,M,Football,World,"CAF Champions League, Group A",Osama Nabih,Al Merrikh Stadium,1927-11-14 00:00:00,69320,Sudan,Al-Merrikh,#bd293b
CAF Champions League,CAF Champions League 20/21,Simba SC,Simba SC,simba-sc,Simba,M,Football,Tanzania,Premier League,Robertinho,Benjamin Mkapa Stadium,1936-01-01 00:00:00,212409,Tanzania,Simba SC,#ff0000
CAF Champions League,CAF Champions League 19/20,Zamalek SC,Zamalek SC,zamalek-sc,Zamalek,M,Football,Egypt,Premier League,,Cairo International Stadium,1911-01-05 00:00:00,42368,Egypt,Zamalek SC,#ffffff
CAF Champions League,CAF Champions League 19/20,Primeiro de Agosto,Primeiro de Agosto,primeiro-de-agosto,1° de Agosto,M,Football,Angola,Girabola,,Estadio 11 de Novembro,1977-08-01 00:00:00,134318,Angola,Primeiro de Agosto,#ec0000
CAF Champions League,CAF Champions League 19/20,ZESCO United,ZESCO United,zesco-united,ZESCO Utd,M,Football,Zambia,Super League,George Lwandamina,Levy Mwanawasa Stadium,1974-01-01 00:00:00,191184,Zambia,ZESCO United,#ffffff
CAF Champions League,CAF Champions League 18/19,Lobi Stars,Lobi Stars,lobi-stars,Lobi Stars,M,Football,Nigeria,Premier League,Eugene Agagbe,Abubakar Tafawa Balewa,1981-01-01 00:00:00,190731,Nigeria,Lobi Stars,#ffff00
CAF Champions League,CAF Champions League 18/19,ASEC Mimosas,ASEC Mimosas,asec-mimosas,Mimosas,M,Football,Ivory Coast,Ligue 1,Julien Chevalier,Stade Felix Houphouet-Boigny,1947-11-30 00:00:00,42360,Ivory Coast,ASEC Mimosas,#ffdf00
CAF Champions League,CAF Champions League 2018,Espérance Tunis,Espérance Tunis,esperance-tunis,Espérance,M,Football,Tunisia,Ligue 1,Tarek Thabet,Stade Hammadi Agrebi,1919-01-15 00:00:00,59628,Tunisia,Espérance Tunis,#ede664
CAF Champions League,CAF Champions League 2018,Kampala City,Kampala City,kampala-city,Kampala City,M,Football,Uganda,Premier League,,Lugogo Stadium,1963-04-24 00:00:00,134274,Uganda,Kampala City,#fae144
CAF Champions League,CAF Champions League 2018,Township Rollers FC,Township Rollers FC,township-rollers-fc,Township Rollers,M,Football,Botswana,Premier League,,,1960-11-30 00:00:00,277010,Botswana,Township Rollers FC,#fab416
CAF Champions League,CAF Champions League 2017,Etoile Sportive Du Sahel,Etoile Sportive Du Sahel,etoile-sportive-du-sahel,Étoile,M,Football,Tunisia,Ligue 1,Imed Ben Younes,Stade Olympique de Sousse,1925-05-11 00:00:00,35188,Tunisia,Etoile Sportive Du Sahel,#ff0000
CAF Champions League,CAF Champions League 2017,Ferroviário da Beira,Ferroviário da Beira,ferroviario-da-beira,Beira,M,Football,Mozambique,Moçambola,,Estadio do Ferroviario Indoor Hall,,246841,Mozambique,Ferroviário da Beira,#ffffff
CAF Champions League,CAF Champions League 2015,Moghreb Tétouan,Moghreb Tétouan,moghreb-tetouan,MA Tétouan,M,Football,Morocco,Botola,Mohammed Alaoui Ismaili,Stade Saniat Rmel,1922-01-01 00:00:00,55049,Morocco,Moghreb Tétouan,#ffffff
CAF Champions League,CAF Champions League 2015,Smouha,Smouha,smouha,Smouha,M,Football,Egypt,Premier League,Ahmed Samy,Alexandria Stadium,1948-11-30 00:00:00,43563,Egypt,Smouha,#020fc7
CAF Champions League,CAF Champions League 2013,Orlando Pirates,Orlando Pirates,orlando-pirates,Orlando Pirates,M,Football,South Africa,Premiership,Jose Riveiro,Orlando Stadium,1937-01-01 00:00:00,7668,South Africa,Orlando Pirates,#000000
CAF Champions League,CAF Champions League 2013,AC Leopards de Dolisie,AC Leopards de Dolisie,ac-leopards-de-dolisie,Leopards,M,Football,Congo Republic,Premier League,,,1952-11-30 00:00:00,90928,Congo Republic,AC Leopards de Dolisie,#00ac00
CAF Champions League,CAF Champions League 2012,Sunshine Stars,Sunshine Stars,sunshine-stars,Sunshine Stars,M,Football,Nigeria,Premier League,Edith Agoye,Akure Township Stadium,,42584,Nigeria,Sunshine Stars,#ff5f00
CAF Champions League,CAF Champions League 2012,ASO Chlef,ASO Chlef,aso-chlef,Chlef,M,Football,Algeria,Ligue 1,,Stade Mohamed Boumezrag,1947-07-13 00:00:00,42201,Algeria,ASO Chlef,#ffffff
World Championship,World Cup 2022,Netherlands,Netherlands,netherlands,Netherlands,M,Football,International,World Championship Qual. UEFA G,Ronald Koeman,Johan Cruijff ArenA,1889-12-08 00:00:00,4705,Netherlands,Netherlands,#ff6600
World Championship,World Cup 2022,Senegal,Senegal,senegal,Senegal,M,Football,World,"COSAFA Cup, Group B",Aliou Cissé,Stade Lat Dior,1959-11-30 00:00:00,4739,Senegal,Senegal,#ffffff
World Championship,World Cup 2022,Ecuador,Ecuador,ecuador,Ecuador,M,Football,World,"World Cup Qualification, CONMEBOL",Félix Sánchez,Olimpico Atahualpa,1925-05-30 00:00:00,4757,Ecuador,Ecuador,#ffff00
World Championship,World Cup 2022,Qatar,Qatar,qatar,Qatar,M,Football,World,"CONCACAF Gold Cup, Group D",Carlos Queiroz,,2016-09-04 00:00:00,4792,Qatar,Qatar,#660000
World Championship,World Cup 2018,Uruguay,Uruguay,uruguay,Uruguay,M,Football,World,"World Cup Qualification, CONMEBOL",Marcelo Bielsa,Estadio Centenario,1900-03-30 00:00:00,4725,Uruguay,Uruguay,#7eacfe
World Championship,World Cup 2018,Russia,Russia,russia,Russia,M,Football,International,World Championship Qual. UEFA H,Valeriy Karpin,Luzhniki Stadium,1912-01-19 00:00:00,4694,Russia,Russia,#e20000
World Championship,World Cup 2018,Saudi Arabia,Saudi Arabia,saudi-arabia,Saudi Arabia,M,Football,World,"World Championship Qual. AFC, R. 3, Gr. B",Roberto Mancini,King Fahd Stadium,1956-01-01 00:00:00,4834,Saudi Arabia,Saudi Arabia,#ffffff
World Championship,World Cup 2018,Egypt,Egypt,egypt,Egypt,M,Football,World,"Africa Cup of Nations, Qualification, Group G",Rui Vitoria,Cairo International Stadium,1921-12-03 00:00:00,4758,Egypt,Egypt,#f00000
World Championship,World Cup 2014,Brazil,Brazil,brazil,Brazil,M,Football,World,"World Cup Qualification, CONMEBOL",Fernando Diniz,,1914-08-20 00:00:00,4748,Brazil,Brazil,#ffff00
World Championship,World Cup 2014,Mexico,Mexico,mexico,Mexico,M,Football,World,"CONCACAF Gold Cup, Group A",Jaime Lozano,,1927-08-23 00:00:00,4781,Mexico,Mexico,#1a4d3e
World Championship,World Cup 2014,Croatia,Croatia,croatia,Croatia,M,Football,International,World Championship Qual. UEFA H,Zlatko Dalić,,1912-06-13 00:00:00,4715,Croatia,Croatia,#ff0000
World Championship,World Cup 2014,Cameroon,Cameroon,cameroon,Cameroon,M,Football,World,"African Nations Championship, Group A",Rigobert Song,Olembe Stadium,1950-10-21 00:00:00,4751,Cameroon,Cameroon,#006633
World Championship,World Cup 2010,South Africa,South Africa,south-africa,South Africa,M,Football,World,"COSAFA Cup, Group A",Hugo Broos,,1991-12-08 00:00:00,4736,South Africa,South Africa,#ffd800
World Championship,World Cup 2010,France,France,france,France,M,Football,International,World Championship Qual. UEFA D,Didier Deschamps,Stade de France,1904-05-01 00:00:00,4481,France,France,#01509e
World Championship,World Cup 2006,Germany,Germany,germany,Germany,M,Football,International,World Championship Qual. UEFA J,Julian Nagelsmann,,1900-01-28 00:00:00,4711,Germany,Germany,#ffffff
World Championship,World Cup 2006,Poland,Poland,poland,Poland,M,Football,International,World Championship Qual. UEFA I,Michal Probierz,,1919-12-20 00:00:00,4703,Poland,Poland,#ffffff
World Championship,World Cup 2006,Costa Rica,Costa Rica,costa-rica,Costa Rica,M,Football,World,"CONCACAF Gold Cup, Group C",Gustavo Alfaro,Estadio Nacional de Costa Rica,1921-06-13 00:00:00,4756,Costa Rica,Costa Rica,#ed1c24
World Championship,World Cup 2002,Denmark,Denmark,denmark,Denmark,M,Football,International,World Championship Qual. UEFA F,Kasper Hjulmand,Parken,1889-05-18 00:00:00,4476,Denmark,Denmark,#cc0000
World Championship,World Cup 1998,Norway,Norway,norway,Norway,M,Football,International,World Championship Qual. UEFA G,Ståle Solbakken,Ullevaal,1902-04-30 00:00:00,4475,Norway,Norway,#ef2b2d
World Championship,World Cup 1998,Morocco,Morocco,morocco,Morocco,M,Football,World,"African Nations Championship, Knockout stage",Walid Regragui,Stade Mohammed V,1955-01-01 00:00:00,4778,Morocco,Morocco,#ff0000
World Championship,World Cup 1998,Scotland,Scotland,scotland,Scotland,M,Football,International,World Championship Qual. UEFA F,Steve Clarke,,1873-03-13 00:00:00,4695,Scotland,Scotland,#00005e
World Championship,World Cup 1994,Romania,Romania,romania,Romania,M,Football,International,World Championship Qual. UEFA J,Edward Iordănescu,National Arena,1908-11-30 00:00:00,4477,Romania,Romania,#f7bd00
World Championship,World Cup 1994,Switzerland,Switzerland,switzerland,Switzerland,M,Football,International,World Championship Qual. UEFA C,Murat Yakin,,1895-04-07 00:00:00,4699,Switzerland,Switzerland,#ff0000
World Championship,World Cup 1994,USA,USA,usa,USA,M,Football,World,"CONCACAF Gold Cup, Group B",Gregg Berhalter,,1913-04-05 00:00:00,4724,USA,USA,#ffffff
World Championship,World Cup 1994,Colombia,Colombia,colombia,Colombia,M,Football,World,"World Cup Qualification, CONMEBOL",Nestor Lorenzo,,1924-10-12 00:00:00,4820,Colombia,Colombia,#ffd808
World Championship,World Cup 1990,Italy,Italy,italy,Italy,M,Football,International,World Championship Qual. UEFA C,Luciano Spalletti,,1898-03-15 00:00:00,4707,Italy,Italy,#0066ff
World Championship,World Cup 1990,Czechoslovakia,Czechoslovakia,czechoslovakia,Czechoslovakia,M,Football,International,"World Cup, Knockout stage",,,,290286,Czech Republic,Czechoslovakia,#cc0000
World Championship,World Cup 1990,Austria,Austria,austria,Austria,M,Football,International,World Championship Qual. UEFA F,Ralf Rangnick,Ernst Happel Stadion,1904-03-18 00:00:00,4718,Austria,Austria,#ff0000
World Championship,World Cup 1986,Argentina,Argentina,argentina,Argentina,M,Football,World,"World Cup Qualification, CONMEBOL",Lionel Scaloni,Estadio Mâs Monumental,1893-02-21 00:00:00,4819,Argentina,Argentina,#66ccff
World Championship,World Cup 1986,Bulgaria,Bulgaria,bulgaria,Bulgaria,M,Football,International,World Championship Qual. UEFA C,Ilian Iliev,Vasil Levski National Stadium,1923-01-01 00:00:00,4716,Bulgaria,Bulgaria,#ffffff
World Championship,World Cup 1986,South Korea,South Korea,south-korea,South Korea,M,Football,World,"World Championship Qual. AFC, R. 3, Gr. A",Jurgen Klinsmann,Seoul World Cup Stadium,1933-09-19 00:00:00,4735,South Korea,South Korea,#ff0000
World Championship,World Cup 1982,Peru,Peru,peru,Peru,M,Football,World,"World Cup Qualification, CONMEBOL",Juan Maximo Reynoso,Estadio Nacional,1922-08-23 00:00:00,4790,Peru,Peru,#ffffff
World Championship,World Cup 1978,Hungary,Hungary,hungary,Hungary,M,Football,International,World Championship Qual. UEFA I,Marco Rossi,Puskás Aréna,1901-01-19 00:00:00,4709,Hungary,Hungary,#c61e29
World Championship,World Cup 1974,East Germany,East Germany,east-germany,East Germany,M,Football,World,"World Championship, Gr. A",,,1950-06-03 00:00:00,290290,,East Germany,#ffffff
World Championship,World Cup 1974,West Germany,West Germany,west-germany,West Germany,M,Football,International,"World Cup, Knockout stage",,,,290288,Germany,West Germany,#ffffff
World Championship,World Cup 1974,Chile,Chile,chile,Chile,M,Football,World,"World Cup Qualification, CONMEBOL",Nicolas Andres Cordova,Nacional,1895-06-19 00:00:00,4754,Chile,Chile,#ff0000
World Championship,World Cup 1974,Australia,Australia,australia,Australia,M,Football,World,"World Championship Qual. AFC, R. 3, Gr. B",Graham Arnold,,1961-01-01 00:00:00,4741,Australia,Australia,#ffcc00
World Championship,World Cup 1970,USSR,USSR,ussr,USSR,M,Football,International,"World Cup, Knockout stage",,,1934-12-27 00:00:00,290289,,USSR,#cc0000
World Championship,World Cup 1970,Belgium,Belgium,belgium,Belgium,M,Football,International,World Championship Qual. UEFA E,Domenico Tedesco,Stade Roi Baudouin,1895-09-01 00:00:00,4717,Belgium,Belgium,#ff0033
World Championship,World Cup 1970,El Salvador,El Salvador,el-salvador,El Salvador,M,Football,World,"World Championship Qual. CONCACAF, R. 1, Gr.A",Rubén de la Barrera,Estadio Cuscatlan,1935-04-26 00:00:00,4825,El Salvador,El Salvador,#3300ff
World Championship,World Cup 1966,England,England,england,England,M,Football,International,World Championship Qual. UEFA I,Gareth Southgate,Wembley Stadium,1863-10-26 00:00:00,4713,England,England,#ffffff
World Championship,World Cup 1962,Yugoslavia,Yugoslavia,yugoslavia,Yugoslavia,M,Football,International,"European Championship, Knockout stage",,,,23498,,Yugoslavia,#e11302
World Championship,World Cup 1958,Northern Ireland,Northern Ireland,northern-ireland,Northern Ireland,M,Football,International,World Championship Qual. UEFA C,Michael O'Neill,,1880-11-18 00:00:00,4786,Northern Ireland,Northern Ireland,#1c9239
